"","EIF4EBP1","EIF4EBP1","EIF4EBP1","EIF4EBP1","TP53BP1","ARAF","CTNNB1","AR","ATM","BAD","BAK1","BAX","BCL2","BCL2L1","CTNNB1","CTNNB1","BID","BCL2L11","BCL2L11","BRCA2","JUN","RAF1","RAF1","RAF1","CASP7","CAV1","CDK1","CHEK1","CHEK1","CHEK2","CHEK2","BIRC2","CLDN7","COL6A1","CCNB1","CCNE1","CCNE2","CDH1","EGFR","EGFR","EGFR","ESR1","ESR1","MAPK1","FN1","FOXM1","GAPDH","GATA3","GSK3B","ERBB2","ERBB2","ERBB3","ERBB3","INPP4B","MAPK8","XRCC5","MAP2K1","MAP2K1","MTOR","MTOR","MYH11","CDH2","CDKN1B","CDKN1B","CDKN1B","MAPK14","MAPK14","MAPK14","TP53","RPS6KB1","RPS6KB1","RPS6KA1","RPS6KA1","RPS6KA1","SERPINE1","PCNA","PGR","AKT1S1","PTEN","RAD50","RAD51","RB1","RB1","RBM15","RPS6","RPS6","SHC1","SRC","SRC","SRC","TSC2","TSC2","XRCC1","YBX1","YBX1"
"ACH-000001",-0.342667,0.084423,-0.039212,-0.002802,1.007942,-0.262575,1.140023,0.770386,-1.285356,0.119498,-0.040217,-0.603161,-0.406241,1.154343,2.111805,0.207177,0.201205,1.280274,0.983741,-0.050538,0.017721,-1.195275,-0.819426,-0.19821,1.148837,-1.010662,0.242755,-0.078928,0.409167,0.468146,0.54936,-0.392719,3.046671,0.062288,0.079736,1.390362,-0.074208,2.279802,0.337363,1.240233,-0.039772,-0.194134,-0.034981,0.076254,0.607847,-0.243136,0.614626,0.024165,0.21575,1.087973,1.012394,0.708598,-0.039608,-1.15609,-0.35707,-0.124821,-1.033429,0.144098,-0.106667,0.147138,0.408374,0.142045,0.108279,0.074624,-0.07427,-0.222401,-0.33529,-0.323533,2.117614,-0.05255,0.825581,-0.703529,-0.192248,-0.278635,-1.372511,-0.157848,-0.333362,0.095844,0.224612,0.687275,-0.344838,-0.241758,-0.752629,-0.130018,-0.717386,-0.043379,0.869483,-0.313524,0.109885,0.109416,0.144906,0.137969,-0.188814,0.343409,-0.186005
"ACH-000013",-1.261144,0.030128,-0.488805,-0.575823,0.98064,0.197136,0.974015,0.153656,-0.310768,-0.685939,-0.339816,-0.478058,0.036382,0.145162,1.013821,0.211447,0.09002,1.500892,1.432,-0.067191,0.87072,-0.778056,-0.660727,0.344065,0.291357,-1.047137,-0.416765,-0.191493,0.317537,0.004619,0.580988,-0.190218,2.844888,0.367427,0.255639,1.688,-0.100459,1.779586,0.589545,0.91917,0.089896,0.179419,0.039901,-1.297393,1.258863,0.62738,-1.169584,-0.170135,0.414577,-0.0444,0.407676,0.699595,0.229497,0.005612,-0.27203,-0.102185,-1.679537,-0.195688,-0.174705,0.195004,0.528069,0.031606,-0.077412,0.258624,0.625759,-0.477041,-1.305173,-1.296507,2.162743,-0.591779,0.335169,-0.86327,0.307447,-0.066484,-0.671681,-0.683256,0.143951,-0.090448,-0.765177,-0.152254,0.129418,-0.025227,-0.657791,0.631152,-1.449501,-1.30145,0.21345,0.522532,0.010461,0.200791,-0.157981,0.068621,0.463793,-0.297309,0.001165
"ACH-000017",-0.567217,-0.186053,0.201317,-0.241644,-0.517487,0.242458,-0.33801,-0.205871,-0.441775,-0.121293,0.021985,-0.255932,-0.169126,0.380228,-3.289585,-0.090322,-0.06557,-0.529833,-0.26942,0.28828,-0.054728,-0.22239,-0.412906,0.00779,0.606872,-2.447415,-0.271286,-0.262535,0.019647,0.391772,0.05776,-0.061536,1.801384,-0.442537,-0.626946,0.881898,0.016882,-1.310288,0.346643,2.635022,0.052353,0.004014,0.02932,0.396358,0.631367,-0.050035,1.713715,0.821341,-0.187539,4.503562,3.835022,0.930605,0.721983,0.022183,0.559993,-0.592077,-0.611258,-0.205075,0.129345,0.497209,-0.249109,-0.089501,-0.101664,0.12657,-0.348065,-0.093508,-0.190787,0.230793,0.445315,-0.542753,0.627134,0.200468,0.172473,0.69031,1.471011,-0.099571,-0.007745,0.706898,0.068882,-0.656638,0.077646,-0.112983,-0.338867,-0.573615,1.769484,2.092122,0.562785,0.302702,-0.004279,0.252625,-0.425887,0.649567,-0.114412,-0.082644,-0.032807
"ACH-000019",-0.048572,-0.533673,-0.523235,-0.271543,0.017732,0.288316,0.04685,1.516778,-0.886447,0.079211,-0.00611,0.221846,1.586752,-0.158139,-0.295371,0.143369,0.086001,1.735654,1.455827,0.205176,-0.162127,-0.531532,0.319032,-0.083991,0.191296,-2.276951,0.245894,-0.840504,-0.097702,-0.097563,-0.141184,-0.103681,3.14698,-0.375863,-1.000956,0.210681,0.208757,3.720337,-1.015906,-0.41787,-0.073197,3.277838,0.426867,-0.562324,-0.880011,-0.356746,0.674906,4.848493,0.564119,0.359732,-0.154712,0.762347,0.230561,0.700192,-0.158484,-0.0942,0.086646,-0.548284,0.100955,-0.07492,-0.188814,-0.37452,0.548527,0.281566,0.185071,0.069664,0.16907,-0.465572,0.000895,2.885258,0.450812,0.220749,-0.121897,-0.494824,-0.430034,0.068361,0.173521,-0.255489,0.998188,-0.248594,-0.333504,-0.397333,-1.310171,0.126938,1.11539,1.05785,-0.158489,-0.392293,-0.494138,-0.382213,0.320028,0.298299,0.180278,-0.073149,-0.526106
"ACH-000028",-0.038319,-0.168084,-0.515986,-0.022373,0.319567,0.292042,0.39241,2.45212,-0.933479,-0.262722,-0.134124,-0.014046,0.077509,-0.495766,0.156566,0.075935,0.009468,0.246039,0.292203,-0.133844,-0.13056,0.681482,0.623826,-0.053031,-0.561201,-2.237274,-0.076175,-0.191184,0.015742,-0.510959,-0.106436,-0.060483,3.273937,-0.306249,0.409644,0.376589,0.257575,2.784828,-1.242352,-0.210863,0.064413,4.162259,0.604354,-0.6534,-0.841867,0.155054,0.547675,2.00046,0.428208,0.18208,0.191211,2.36763,-0.073392,1.148835,-0.225388,0.282088,-0.077032,-0.328037,0.277661,-0.026097,-1.006046,-0.628531,1.08574,-0.022874,0.085901,-0.111937,0.164531,-0.87097,-0.139795,3.331277,0.104271,0.16266,-0.109069,-0.418052,-0.825666,-0.071511,0.569121,-0.345065,0.649381,-0.293554,0.304278,0.052274,0.462954,0.242645,0.782022,0.819332,-0.081478,-0.467534,-0.376921,-0.787527,0.362035,-0.165935,0.339339,-0.253651,0.027459
"ACH-000044",1.322523,1.62989,1.464476,1.011731,1.439454,0.004232,-0.728951,2.269904,0.246691,0.023346,0.178315,0.033735,2.209705,0.566265,-2.879243,-0.269733,0.095994,1.410345,1.163743,0.807005,-0.19877,-0.352671,-0.318034,-0.029837,-0.16684,-3.168449,-0.091936,-0.524108,0.257048,0.390191,-0.130133,-0.379407,2.367731,-0.195802,-0.350447,-0.340179,0.839753,-0.793524,-0.980296,-0.348578,0.094862,5.693359,2.936078,-0.014881,-0.085074,0.325254,0.638764,4.195937,0.275913,0.153159,-0.041774,1.600575,0.208877,0.080832,0.893752,0.432565,-0.032123,-0.405499,0.407521,0.255119,-0.04633,0.002004,0.64767,0.15475,-0.069805,-0.176306,-0.322275,0.088245,-0.233193,-0.490319,0.312901,-0.232126,0.023072,-0.229238,-0.573022,-0.240254,0.027254,-0.205499,0.758505,-0.164168,-0.141444,-0.079228,0.084002,0.024984,0.132171,0.868916,-0.321419,-0.192127,-0.509362,-0.48742,0.293914,0.47459,0.603076,-0.005496,-0.343286
"ACH-000048",0.194609,1.181729,0.853125,-0.188776,0.846294,-0.255757,-0.15196,0.649503,0.240627,0.107465,0.036325,-0.001339,-0.712726,0.013165,0.705497,0.6384,-0.239543,-1.05625,-0.622568,-0.158975,-0.28077,0.759642,0.006325,-0.099713,0.305738,-1.933977,0.425887,0.135849,-0.085158,0.724156,0.14478,0.03132,-0.883989,-0.100099,0.699627,0.12004,-0.040421,-0.926757,-0.72382,-0.293585,-0.188955,-0.597042,0.03035,0.354849,-0.786875,0.70626,0.218599,0.264809,-0.023794,1.245145,0.505461,-0.509118,0.167957,-0.6932,-0.271514,0.461165,-0.548505,0.738443,0.110397,0.085181,0.819956,-0.00313,-0.366909,0.364944,-0.399774,-0.065735,0.157408,0.27196,2.017737,1.850519,1.976322,-0.401455,0.363552,0.268612,-1.612661,0.257056,-0.816892,0.269449,-0.036369,0.159369,0.109722,-0.026915,1.235633,0.812324,0.953303,1.735266,-0.275296,-0.923416,-0.157182,-0.158887,0.117362,-0.131449,-0.472983,0.199156,0.373346
"ACH-000091",0.159021,0.440453,0.045437,0.126791,0.672365,0.074779,-0.209213,-0.104742,0.054173,0.122511,0.252393,-0.473359,0.107092,-0.099581,-0.627228,-0.075379,-0.087689,0.461968,0.28378,0.025706,0.077785,-0.000768,-0.067596,0.134224,-0.113546,1.415402,-0.280013,0.178818,0.293792,0.080242,0.292177,0.276746,0.301447,0.107094,0.489447,-0.53333,-0.139252,-1.475105,1.22686,0.192323,-0.004711,-0.212167,-0.232112,-0.459057,3.234279,0.090968,0.248913,-0.228244,-0.103944,-0.627036,-0.194655,-0.164576,-0.092853,-0.029504,0.396965,0.063467,0.057017,-0.150363,-0.275348,-0.205148,0.151414,0.27339,-0.142021,-0.174088,0.282841,-0.29941,-0.415782,0.30975,-0.439542,-0.193923,-0.01351,0.267898,0.042543,0.381327,4.085796,-0.22791,-0.039287,0.163987,-0.315394,-0.196863,0.499752,0.442903,0.462573,-0.12568,0.077704,-0.636731,-0.031893,-0.374876,0.388029,-0.848955,-0.606828,0.236515,-0.215191,0.337839,0.214364
"ACH-000097",0.56067,0.110576,0.709728,0.154407,0.066832,0.583501,0.31864,2.457318,-0.436387,-0.177688,-0.024517,-0.318547,1.369441,-0.318108,0.240529,0.234993,-0.1061,0.927678,0.5641,0.153046,-0.427049,0.069012,0.111173,-0.098934,-0.036484,-3.028042,-0.084273,-0.783638,-0.225902,0.230453,-0.118518,0.033371,3.300933,-0.091949,-0.839565,-0.046064,0.002071,3.926655,-1.194442,-0.321155,-0.170491,3.868138,0.711574,0.149115,-1.110566,-0.248447,1.617614,3.664128,0.098829,1.246305,0.419732,0.72568,-0.206603,0.548952,0.046379,-0.381094,-0.17921,-0.171902,0.377023,0.206494,-0.593239,-0.436111,0.661249,0.374526,-0.162286,0.063903,0.08406,0.013827,-0.299308,0.346245,0.16704,0.158531,-0.012545,0.299496,-0.457147,-0.197019,0.394416,-0.221465,-1.163806,-0.478117,-0.044458,-0.319539,-0.730438,-0.066449,-0.689886,-0.549643,0.534935,0.073443,-0.51963,0.489294,0.148687,0.135892,0.361482,-0.182761,-0.312168
"ACH-000111",-0.977344,-0.226029,-0.560712,-0.471139,-0.117787,0.440627,-1.112808,1.297341,-1.515672,-0.013958,-0.041468,-0.124368,0.222965,-0.150688,0.772513,0.217296,-0.147092,0.212302,0.123242,-0.222136,0.180144,0.480444,0.358608,0.0871,0.926723,-1.230748,-0.853694,0.236562,0.158327,0.38892,0.036264,-0.010118,1.070463,0.062586,0.543296,0.866571,0.593875,3.400576,0.38693,0.594149,-0.04871,0.022583,0.005233,-0.139789,-0.721475,0.452435,-0.606871,1.564773,0.011179,1.180134,0.729462,0.263366,0.253351,-0.053091,0.74863,-0.142486,-0.691835,-0.53795,-0.185983,0.038905,-0.02805,0.036547,0.07325,-0.223974,-0.205744,0.325418,0.882247,1.15756,1.168912,-0.197896,0.449182,0.016908,0.131483,0.151292,-0.387551,0.345605,-0.025016,0.13509,0.408659,-0.06722,-0.065713,-0.43269,-1.127353,0.059406,-0.01121,0.101888,0.390407,-0.244921,-0.435087,0.343018,-0.317751,0.085702,-0.575719,-0.10616,0.247925
"ACH-000116",-0.816164,-0.073758,-0.778296,0.027129,-0.035693,-0.270167,0.71226,-0.021445,-0.574133,0.199295,0.078156,-0.027866,0.165031,0.710613,0.938573,0.120794,0.174255,0.735636,0.639963,0.045272,-0.554682,-1.180094,-0.192875,-0.152875,0.508365,-1.124536,0.025358,-0.032559,-0.290046,0.409844,-0.117119,0.201766,2.363942,0.194604,-0.41821,0.757294,-0.113445,1.847641,0.569712,-0.048068,0.018525,-0.015863,-0.060533,0.221021,-0.624029,0.017409,0.735376,0.059972,-0.190767,0.879154,0.29568,0.706103,-0.011994,-0.805692,-0.379369,-0.041714,-0.581959,0.241774,-0.43844,0.274295,0.598307,0.659895,-0.18721,0.131907,-0.369073,0.182518,0.235636,-0.911481,-0.672502,0.022696,0.093214,0.007783,-0.060155,0.628982,-1.344634,0.568716,-0.578351,0.032451,0.069618,0.320563,-0.190043,-0.367274,-1.441862,0.16295,0.959354,0.912187,-0.099117,-0.724335,-0.272936,-1.088308,0.153818,-0.284817,0.115137,0.134853,-0.121517
"ACH-000117",-0.476565,-0.176455,-0.308049,-0.212048,0.184575,0.160984,0.06741,0.862241,-0.832474,-0.210757,-0.04134,-0.380702,-0.45786,0.541722,0.19298,0.106088,0.012863,0.204976,0.111656,-0.031616,-0.211168,-0.003905,-0.001528,0.173761,0.226991,-2.759835,-0.157843,-0.399979,0.186949,-0.137664,-0.294344,-0.198129,3.261222,-0.294825,0.253676,-0.075908,0.601286,3.654276,-1.104304,3.060756,-0.016417,2.037935,0.084653,-0.189489,-0.733925,0.105779,0.13202,1.470487,-0.112984,5.117843,4.703067,1.392883,1.378349,-0.045824,0.102098,-0.142851,-0.061258,-0.064826,0.497914,0.729729,-0.326116,-0.042403,-0.084304,-0.065343,0.292071,-0.088547,0.013624,0.041926,-0.820533,1.325916,1.593249,-0.150859,0.006891,0.302169,-0.862101,-0.20998,-0.084607,0.681415,1.050144,0.180717,0.05679,0.161806,0.519335,-0.622666,1.218716,1.777055,0.274094,-0.352113,0.120841,-0.017709,0.040741,0.378723,0.402162,-0.136761,-0.160195
"ACH-000123",-0.076628,0.157096,0.114749,-0.179283,0.989103,-0.100545,-0.278788,-0.095318,0.010028,-0.088751,-0.201493,1.139325,-0.900496,0.296389,-0.835312,-0.222326,0.017747,-1.072326,-0.834518,-0.038826,-0.493185,0.499573,0.335019,0.123496,0.770468,-1.210176,0.443328,0.129098,-0.309573,0.539203,-0.096306,0.115755,-0.633921,0.072438,0.269898,1.21574,0.092507,-0.785901,-0.832976,-0.513656,-0.036154,-0.303924,-0.183156,0.488787,-0.9064,-0.570516,1.392498,0.296352,-0.328585,0.088651,-0.171177,-0.37287,-0.04304,-0.445135,0.029097,-0.046936,0.2285,0.545418,-0.219443,0.233957,1.240795,0.231877,0.114997,-0.027872,-0.125037,0.135425,0.333348,0.649132,-0.310754,1.646632,1.435324,-0.015227,0.113545,-0.136873,-1.409031,0.159205,-0.246127,0.355486,0.856139,0.210147,0.024559,-0.208761,-0.125383,0.073996,0.415591,0.903142,-0.06597,-0.81539,-0.224912,-0.23171,0.186601,0.008641,-0.286785,0.182735,-0.008433
"ACH-000132",-0.311179,-0.031547,-0.229144,-0.178038,-0.528344,-0.295127,0.182039,1.697194,0.280066,0.215206,-0.025555,-0.627509,-0.397559,-0.310809,0.360782,-0.19674,-0.158716,-0.664364,-0.73082,-0.133245,0.275529,0.701272,1.10169,0.981744,-0.077389,3.076078,0.179133,-0.619634,-0.287875,-0.744586,-0.233401,0.438271,0.678755,0.132606,-0.172653,-0.746096,-0.177929,1.571112,0.528814,-0.161539,-0.144211,0.038074,-0.109214,0.249727,1.483069,0.804053,0.115771,0.059659,0.292342,-0.29835,-0.186206,0.265601,-0.092727,-0.164746,-0.139758,-0.067872,0.123614,0.669994,0.122325,0.064123,0.148858,0.589117,0.505555,-0.167318,0.048533,0.051554,0.092747,0.246325,-0.459247,-0.226408,0.179316,-0.17998,0.103578,0.911051,1.693283,-0.054125,-0.209884,0.365019,0.471513,0.433117,-0.116264,-0.015913,0.293068,-0.440393,0.883764,0.925845,0.038791,-0.835294,-0.059243,-0.370117,0.347561,0.548557,-0.281483,-0.101899,0.1267
"ACH-000147",0.26328,0.627995,0.849992,0.101286,-0.101737,0.849479,0.500793,1.415153,0.650905,-0.387405,-0.036599,-0.701146,-0.02892,-0.15945,0.22665,0.02319,-0.210305,-1.187222,-0.794811,-0.017113,-0.517653,1.255646,0.69549,0.210756,-0.245627,-2.793112,-0.47627,0.619726,-0.265011,-0.072163,-0.007664,0.722483,2.366653,-0.679115,1.050189,-0.240521,0.374939,4.273161,-1.170136,-0.483495,-0.116162,3.394685,0.37154,-0.310598,-0.825923,-0.183209,-1.462537,3.724395,0.611123,0.664268,-0.004278,0.955863,-0.211259,0.571503,-0.493535,-0.152967,-0.500995,-0.540935,0.604038,0.235921,-0.474902,-0.624118,0.300535,0.23469,0.109687,0.261812,0.554899,-0.645236,0.865772,0.284774,0.035438,0.052161,-0.103465,0,-0.537346,-0.18557,0.831344,-0.287119,1.087024,0.339824,0.270499,-0.189739,0.259249,-0.422961,0.400287,0.155673,0.141026,0.571777,-0.634902,0.228149,0.536545,-0.350898,0.00092,-0.143582,-0.567909
"ACH-000148",1.055208,0.115582,0.907445,0.513034,-0.030658,1.074984,0.543149,0.050503,-0.765217,0.433904,0.0601,0.168585,-0.364353,-0.202371,0.471472,-0.052071,-0.173657,-1.357922,-0.60524,-0.070266,0.150396,-0.068185,-0.007006,-0.551323,-0.480589,4.201512,-0.204783,-1.068737,-0.232881,-0.096987,0.206908,0.173611,-0.204474,0.386683,-1.552974,0.011825,-0.331808,-0.652304,0.099764,-0.805224,0.089529,0.158626,0.115388,0.167816,3.312082,-1.215359,-1.496004,0.34202,0.38421,-0.705485,-0.361921,-0.114921,0.066501,0.226116,-0.141589,-0.509278,-0.557546,-0.40093,-0.091142,-0.143171,0.509313,0.937605,0.229751,-0.008202,0.215191,-0.07144,-0.556895,-1.092374,0.61148,-0.339264,-0.573573,-0.524136,0.045756,-0.54717,3.727458,-0.899975,0.389025,0.056772,-0.220603,0.152978,-0.740389,-0.112282,-2.224711,0.179704,-1.168398,-1.193003,-0.297414,0.402802,-0.545438,0.23525,-0.932985,-0.402827,-0.230361,0.319404,-0.531897
"ACH-000196",-0.072254,-0.02885,0.289218,-0.092547,-1.078697,-0.245164,0.256199,0.115082,-0.848222,-0.085401,0.073288,-0.414762,1.017835,-0.390072,0,0.085635,-0.165142,2.065849,1.655453,0.266251,0.594492,-0.098158,0.147316,0.033192,-0.329079,-3.181656,-0.240617,0.595614,0.677857,0.100689,0.256423,-0.261641,2.10833,-0.276796,0.865353,2.011929,0.513058,3.426813,-0.553554,0.932201,-0.065104,0.535018,0.174262,-0.261132,-0.76279,1.030435,-1.05672,-0.324883,0.519458,0.850309,0.837727,1.558377,0.178813,-0.076358,0.110344,-0.124739,-0.247033,-0.794697,-0.655949,-0.307337,-0.094329,-0.577926,-0.040101,-0.118344,-0.100809,0.028265,0.164026,-0.798478,-0.473315,-0.039002,0.546655,0.057649,0.169979,-0.166264,-0.855308,-0.512418,-0.065523,0.045449,-0.224122,0.017152,-0.111272,-0.249947,0.098156,0.377325,-1.562265,-1.40511,0.777646,0.420781,0.883801,0.986087,0.192514,0.62969,0.061485,-0.166616,-0.228011
"ACH-000212",1.616594,2.239583,1.927073,0.813771,-0.257543,-0.029773,-0.12107,-0.014045,0.333556,0.376822,-0.215256,-0.282356,0.374631,-0.125939,-0.429357,0.131535,-0.247025,-0.736877,-0.569564,0.140045,0.276443,0.524122,0.259736,0.081363,-0.631943,3.010157,0.038374,0.05655,-0.245566,-0.195083,-0.0824,-0.028144,-0.43191,-0.211594,0.576471,0.486897,-0.396051,0.26305,0.595745,-0.139121,-0.044034,0.291246,-0.053951,-0.450911,0.700398,0.215828,-0.586881,0.615944,0.376663,-0.409746,-0.212633,0.173045,0.131047,1.008182,-0.048728,0.030752,-0.075684,0.439696,0.635436,0.534274,0.578953,-0.016582,0.668323,-0.005472,-0.177679,-0.056129,0.129913,0.931428,-0.50978,-0.171646,0.936118,-0.576695,-0.133265,0.409748,2.601159,-0.601172,-0.010617,0.79788,-0.121124,-0.082211,-0.307799,-0.536317,-1.128028,-0.674597,1.807115,0.88665,0.359305,-0.125154,0.065063,-0.117039,0.21105,0.31184,-0.053325,0.197539,0.775375
"ACH-000223",-0.829217,-0.776656,-1.180791,-0.404271,-0.653003,0.043485,0.633018,-0.170272,-0.757518,0.125762,0.027299,-0.49569,-0.137519,0.337143,0.15134,0.358647,-0.05658,0.51458,0.370341,0.241718,-0.287481,-0.706825,-0.180736,-0.035117,0.532604,2.164975,-0.12256,0.306981,0.397591,0.485192,0.439777,-0.172642,2.362862,-0.222895,0.197701,0.053619,0.953973,3.792541,-0.24365,-0.595115,-0.111335,0.444502,-0.169328,-0.026435,-0.44229,0.286969,0.480025,0.843092,-0.16374,0,-0.153997,-0.237804,-0.116877,0.114224,-0.273586,-1.060026,0.359239,0.027744,-0.166951,0.203298,-0.006302,-0.160217,-0.070747,0.135334,0.032521,0.104346,-0.217554,-0.392498,-0.218206,-0.354244,0.482172,0.056732,-0.221032,0.112944,0.367762,0.354486,0.14303,-0.144181,-2.645179,0.876262,0.711395,-0.708397,-1.565237,0.461695,0.815484,1.109627,0.154804,-0.008003,-0.29703,-0.530676,-0.419644,-0.122029,0.157277,-0.050909,-0.268788
"ACH-000237",-0.539491,0.187324,-0.188992,-0.001635,0.444671,-0.098684,0.227533,1.657485,1.476492,0.062946,0.173413,-0.126609,-0.223326,-0.373328,0.5217,0.017047,-0.039068,-0.711899,-0.560787,-0.16289,0.39593,0.327285,0.343062,0.419597,-0.284363,2.181825,-0.068247,-0.146732,-0.123377,-0.466374,0.094647,-0.052726,-0.141083,0.385681,-0.831529,-0.006067,-0.103547,-0.604762,0.517926,-0.071591,-0.116027,0,-0.018214,-0.212245,1.227679,-0.316222,0.647896,0.077062,0.435072,-0.063187,0.16683,-0.413901,0.041077,-0.109654,0.090495,-0.808946,-0.1548,0.772635,0.013255,0.321848,0.358434,0.699199,0.872565,-0.031406,0.217708,-0.064134,-0.128831,0.412794,-0.319629,-0.500633,0.716911,0.047316,0.351562,1.104783,2.588015,-0.366967,-0.263593,0.563242,-3.298482,-0.22078,-0.404583,-0.011882,-0.490405,-0.084122,0.823719,0.522798,-0.049066,0.886321,0.040016,0.626207,0.059759,0.667484,-0.057225,0.052806,0.865545
"ACH-000248",-0.982703,-0.559906,-1.254418,-0.390565,0.095034,0.300067,-0.387345,0.705149,-0.300033,-0.21833,0.080345,-0.814839,-0.023511,0.13617,-3.562604,0.110808,0.036411,0.493102,0.399528,0.380039,-0.153977,-0.900688,-0.647515,-0.015915,0.205855,-2.532068,-0.360708,-0.708406,0.083507,0.05513,0.21033,-0.357771,1.801239,-0.174096,-0.997379,0.066984,-0.146326,-0.232386,-0.233529,2.48469,-0.016246,0.373874,0.106836,0.054047,-0.927207,-0.510189,1.481835,0.059786,-0.311048,4.671134,4.203564,0.722092,0.432186,0.668802,0.030838,-0.599422,-0.60317,-0.166774,0.07934,0.226541,-0.355571,0.163542,0.07772,0.447108,0.060087,-0.2688,-0.430425,-0.539441,0.282204,-0.48645,-0.319378,0.271525,0.116385,0.444764,-0.193912,-0.171288,0.111238,-0.048055,0.091793,-0.045307,-0.261526,-0.310584,-0.678844,0.542125,0.29917,0.116263,0.399606,-0.477952,-0.181092,-0.803421,-0.664445,0.044849,-0.186325,0.086141,-0.221833
"ACH-000256",-0.93793,-0.143603,0.099393,0.054624,0.521599,0.021957,0.035075,0.00429,0.56459,-0.141303,0.077472,-0.43374,-0.106143,-0.040989,-0.184157,0.028572,-0.070553,-0.114242,-0.117294,-0.006667,0.534963,-0.275013,-0.253788,0.10831,0.020247,0.934282,0.0266,0.000356,0.02943,-0.022572,0.274277,-0.200143,-0.297925,0.448278,-0.152019,0.633797,-0.157386,0.277987,0.153848,0.838203,-0.001094,0.017067,0.032769,-0.773444,1.220333,-0.095387,-1.713083,-0.294004,-0.247452,-0.370349,0.273924,-0.253327,0.071162,-0.642878,0.431683,-0.176949,-0.551379,0.600978,0.055456,0.248699,0.632267,0.396772,-0.176972,0.016438,0.072598,-0.320522,-0.721445,-0.275318,0.162559,-0.570902,0.85845,-0.109886,0.197875,0.817049,1.780934,-0.209738,-0.139691,0.703491,-1.387018,-0.03354,0.297255,0.024386,-0.63729,0.585117,0.137806,-0.058431,0.28127,-0.157228,0.187759,-0.421427,0.130978,0.194101,0.097746,0.215985,0.457027
"ACH-000258",0.324853,0.077344,-0.238779,0.098976,0.776042,-0.202546,-0.478771,-0.189652,-0.140821,0.158656,0.13753,0.029198,0.171458,-0.410543,1.485479,-0.148561,-0.022315,0.781826,0.673897,-0.31904,0.002509,0.598011,0.443063,-0.109542,1.101507,-3.0816,-0.433833,0.579402,-0.145212,-0.496965,-0.317521,0.153573,0.696571,0.028558,0.188644,1.507299,1.25592,2.114749,-1.293557,-0.844647,0.016926,-0.136233,0.177039,-0.054951,-1.196525,-0.112344,0.296149,-0.276559,0.661608,-1.539456,-0.705641,0.024841,0.022534,-0.072432,-0.078923,-0.602832,0.242145,1.30361,0.004684,-0.132392,-0.181897,-0.550389,0.309689,-0.093695,-0.030742,0.367798,0.665946,-0.093065,-0.263537,-0.14423,-0.302546,0.804785,0.424125,0.797753,0.779611,0.353289,-0.048099,-0.385336,-0.37762,0.064845,-0.413988,-0.651463,0.428424,0.384968,-1.215722,-1.967621,0.421953,0.436103,0.656366,0.856826,0.319495,-0.40891,-0.395935,-0.251527,0.013273
"ACH-000276",-0.04823,0.473534,0.440982,0.134611,0.425856,0.159745,0.762245,-0.283404,-0.375959,-0.059835,-0.166032,-0.488071,-0.449038,-0.252849,1.123089,0.41913,-0.118288,0.202968,0.258863,-0.161627,-0.029356,0.791136,0.813711,0.235706,0.308151,1.000844,-0.205194,-0.911147,-0.133145,-0.118441,-0.11036,-0.047505,2.432642,0.384881,-0.744066,-0.53486,0.087239,3.941244,-0.610867,-0.541262,-0.059293,-0.159538,0.008828,0.648265,1.807147,-0.27648,-1.227717,0.603508,0.330469,1.164134,0.197117,0.691648,-0.063438,-0.107367,0.009993,0.256555,-0.593278,-0.477523,-0.066147,0.190994,-0.203644,-0.523319,0.128181,-0.102826,-0.171491,0.99154,-0.314223,-0.249627,0.917129,0.344797,0.449505,0.020572,0.334542,-0.30052,-0.167897,0.395756,-0.183038,0.269933,-3.196962,-0.138353,-0.013027,1.629944,0.581394,0.200934,0.291116,0.573551,0.234128,0.244862,-0.765666,-0.049933,-0.186615,0.120507,0.448258,-0.078334,0.082616
"ACH-000277",-0.190467,0.030607,0.082912,-0.044914,-0.850722,0.087116,0.213324,1.180039,-1.199857,0.328654,0.023913,-0.898076,0.183784,0.094994,0.535272,0.079659,-0.01251,-0.008762,0.010892,-0.13522,-0.257386,-0.913944,0.251246,-0.148876,0.13357,-3.238004,-0.359515,-0.853435,-0.155056,0.150103,0.084562,-0.201827,2.152775,-0.117785,-0.004923,-1.061972,0.713161,3.624909,-1.317258,4.497075,0.047911,2.03706,0.15401,0.123514,-1.278736,0.06454,1.029459,3.100642,0.206653,5.157089,5.278537,2.058272,1.395013,0.120519,-0.192275,-0.247452,-0.072537,-0.444104,0.332421,0.593198,-0.469841,-0.226796,0.383966,0.149366,0.345861,-0.094222,0.011913,0.087191,-0.412764,-0.247724,0.419724,0.624782,0.003242,-0.27014,-0.844633,-0.459049,0.073532,0.296799,0.337128,-0.520598,-0.212744,-0.284259,-0.052661,-0.238489,1.956689,1.963056,0.776256,-0.84088,0.733089,0.142311,0.243047,0.533128,0.202486,0.00471,-0.012904
"ACH-000278",0,0.780814,0.25414,0.071048,-0.361494,-0.116188,0.155944,-0.069828,-1.097789,0.107165,0.009865,-0.514316,-0.54922,0.739568,0.164998,0.065608,0.063594,0.057428,0.055461,0.279336,-0.129491,-0.151909,-0.091033,0.147352,0.15286,2.510946,0.094887,-0.239427,-0.191108,-0.394096,-0.213386,-0.410713,-0.046741,0.118933,-0.041519,0.050634,-0.158991,-0.538492,0.8514,0.219329,-0.043323,0.890722,-0.078696,-0.200216,0.596121,-0.04908,1.530801,0.074424,-0.415655,0.381643,-0.050141,-0.197257,-0.229534,0.160707,-0.032896,-0.432654,0.105918,0.423567,0.137197,0.487172,0.297047,0.515794,-0.232135,0.002598,-0.323743,-0.056088,0.122186,0.384106,1.475547,-0.149188,0.443331,-0.232179,-0.128847,0.774996,1.219508,-0.191198,-0.106183,-0.13971,0.420981,-0.154917,-0.245655,-0.691407,-1.743242,-0.508413,0.898284,0.672398,0.22857,-0.244591,-0.2162,-0.953035,-0.069667,-0.118668,-0.205803,0.40517,0.515913
"ACH-000280",-0.83443,0.07021,-0.244539,0.195401,-0.358044,0.082092,0.201457,-0.16222,-1.877512,-0.095673,0.082943,-0.704992,-0.490135,-0.698154,-0.797336,-0.637173,0.057087,-0.130592,-0.374009,0.563889,0.879863,-0.248412,-0.152329,0.541886,-0.452883,1.018921,-0.064367,0.028583,-0.106326,-0.974588,-0.056914,-0.078259,1.325826,0.16769,0.103295,0.058413,-0.004964,1.993929,0.184289,0.334958,0.031807,0.266562,-0.029948,-0.751272,2.716094,-0.272448,-0.527691,0.092488,0.175498,0.155138,0.658122,0.72501,0.146543,0.991717,0.074528,-0.590202,-0.280396,1.030575,-0.513089,0.038824,-0.019573,-0.256515,-0.107301,0.029647,0.008316,0.237405,-0.905468,-0.595213,-0.204443,0.125562,0.755327,-0.151405,0.179847,1.196967,3.783905,0.009066,-0.059555,0.35001,-0.574009,0.099454,0.196893,-0.040296,-0.191471,-1.053576,0.678849,0.454355,0.437112,0.41167,-0.0054,-0.257627,-0.085996,-0.264751,-0.000229,-0.236193,0.217275
"ACH-000291",-0.784797,-0.986249,-1.030674,-0.119115,-1.022109,-0.141908,0.838227,-0.117776,-0.614248,-0.304128,-0.098523,0.252251,-0.525521,1.092932,-0.146159,-0.179963,0.459919,-0.622951,-0.585146,0.640191,-0.807116,-1.001613,-0.722166,-0.252637,0.817199,-1.821961,0.189592,-0.083029,-0.073067,-0.287846,-0.177327,-0.146946,1.073942,0.066604,0.424791,0.580271,0.055955,2.726305,-0.426869,-0.364795,0.010423,0.048489,-0.11226,0.795493,4.059076,-1.173475,0.35315,0.212444,-0.897796,0.684009,-0.16175,-0.533427,0.067726,-1.071521,0.04549,-0.405656,0.825663,0.597938,-0.372418,0.055531,0.871454,0.32883,-0.090696,0.091966,-0.10506,0.260926,0.049965,0.024166,0.628982,0.726588,-0.34654,0.046635,-0.406719,-0.423924,1.596999,0.829942,-0.195493,-0.238194,0.48024,0.736412,0.205527,-0.223599,-0.410237,-0.012308,1.112265,1.36353,-0.112875,-0.316254,-0.114746,0.14029,-0.147289,-0.095181,-0.113879,0.609172,0.210244
"ACH-000308",-0.508999,-0.242104,-0.901306,-0.033525,0.812741,-0.011415,0.401519,-0.304821,1.340734,-0.191281,0.053119,-1.001597,0.013612,0.736374,1.145069,0.270543,0.110922,0.558883,0.316081,0.087864,0.050658,-1.285201,-0.954422,-0.130496,0.197538,3.599365,-0.57137,-0.306906,-0.134448,-0.239675,-0.109411,-0.225016,0.501311,0.044961,-0.486085,1.167769,0.507831,-0.558229,-0.212953,-0.171009,0.017669,-0.114669,-0.044428,-0.597835,-0.340296,-1.257067,-1.534817,0.107084,-1.092333,0.051455,-0.134903,-0.00217,-0.014009,0.089959,0.465471,0.192205,-0.348262,-0.324959,-0.547012,-0.187084,0.144928,0.471293,-0.077653,-0.003996,-0.092744,-0.526553,-1.002238,0,2.152274,-0.219737,-0.393784,0.066276,-0.121329,-0.430015,1.963613,-0.398515,0.15078,-0.705817,-0.769238,1.106508,-0.040922,-0.126778,-1.062741,0.483296,-0.195471,0.192769,0.17812,-0.418335,-0.278416,-0.607702,-0.563837,-0.176444,0.069679,0.206828,-0.192376
"ACH-000324",0.215894,-0.054818,-0.20009,-0.00042,0.050013,-0.237396,-0.14289,-0.099923,0.650036,0.11874,0.253979,0.208052,1.17532,0.077134,-0.004233,-0.125313,-0.101134,0.176174,-0.129007,-0.136262,0.478602,0.559557,0.608658,0.324665,-0.287097,2.285733,-0.239349,0.061794,-0.053692,-0.199613,0.119939,0.348654,0.132913,0.16777,-0.136988,0.315906,-0.004283,-0.227937,1.973502,0.691072,-0.105202,-0.157812,-0.165184,-0.179175,1.939641,0.036294,-1.739885,0.033205,0.245137,0.662033,0.916689,0.734327,-0.04719,-0.090448,0.021004,0.092497,-0.899058,-0.317196,-0.015593,-0.077602,0.660934,0.378444,-0.26118,-0.074723,-0.009404,-0.102586,-0.189759,0.236516,-0.184497,-0.513586,0.263407,0.877282,0.140859,0.437307,1.957712,-0.053,-0.348555,0.086057,-1.59176,-0.217037,0.448612,0.065703,0.033224,0.283229,0.719476,0.143202,0.161785,0.592436,-0.244953,0.03977,-0.216511,-0.122757,-0.037427,-0.06304,0.285237
"ACH-000330",-0.733436,-0.072159,-0.530829,-0.640215,0.427052,0.376038,0.121534,2.392176,-0.539475,-0.523906,0.274488,0.150042,-0.249459,-0.2767,-0.81538,-0.295201,-0.06927,0.322451,0.282816,0.162636,-0.293705,0.30971,-0.030463,0.302854,0.628492,-2.334979,-0.410225,0.273267,-0.081539,-0.21239,0.084183,-0.145418,2.360902,-0.582909,-0.550586,0.355018,0.606353,3.520232,-1.111208,-0.542657,0.040884,3.80542,0.697976,-0.746891,0.393737,-0.169398,-0.924699,3.465663,0.772507,1.417735,0.445831,0.953385,-0.104317,0.561561,-0.423515,0.01342,-0.494289,-0.674942,0.152436,0.154569,-0.23001,-0.539048,0.854557,0.277413,0.141836,0.361343,0.694351,-0.93,0.010079,0.777865,0.833782,-0.341783,-0.058786,-0.336195,-0.563899,0.120711,0.213805,-0.066572,-0.272758,-0.285919,0.086001,0.633503,0.555362,0.200106,0.302115,0.63208,-0.227724,1.07411,-0.617804,0.399266,0.447283,0.100056,0.390479,-0.194875,-0.611506
"ACH-000333",-0.772729,-0.522906,-0.186243,-0.109738,-1.368333,-0.133381,1.175007,-0.104857,-0.324962,0.346106,-0.099865,0.098654,-0.160568,0.001804,1.751841,0.096997,-0.229264,-0.04453,-0.176197,0.060799,0.357722,-0.149948,-0.110705,0.02066,1.163013,-1.956404,-0.026904,-0.128166,0.244917,-0.481895,0.006307,0.001496,4.055271,-0.024137,-0.247479,0.56978,0.33055,3.721677,-0.178094,0.673979,-0.085312,-0.187355,-0.014093,-0.213243,-0.979482,0.142715,-2.036244,-0.07565,0.295113,0.343043,0.693617,1.719543,0.046849,1.598119,0.410429,-0.995208,-0.002748,0.601665,-0.236327,0.116779,-0.99933,-0.442528,0.125892,-0.048075,-0.000672,0.070676,-0.16053,0.652067,0.251536,-0.687443,-0.231026,0.800105,0.7577,1.546797,0.424574,0.124885,-0.10361,0.132983,-0.184526,-0.104769,-0.09389,-0.394322,-0.899824,0.584708,0.641975,-0.1304,0.642197,1.246499,0.251988,1.16241,0.041604,0.134214,-0.140123,-0.266542,0.78637
"ACH-000349",-0.169227,0.147373,0.286818,-0.102718,-0.136381,0.409853,0.638971,3.113119,-3.676124,-0.265786,-0.109121,0.690932,3.292785,0.273678,0.470433,0.227604,0.014165,2.172787,1.786374,-0.042738,-0.096484,0.531802,0.197459,-0.275824,0.331443,-3.379585,-0.161598,-0.632548,0.037126,0.361268,-0.246321,0.232121,2.235428,0.524043,0.256694,-0.822129,0.372614,4.070718,-1.165421,-0.175307,0.003494,4.069878,0.905398,0.207614,-0.437919,-0.111973,-0.730941,4.34009,-0.321873,-0.028976,-0.056924,0.793366,0.039807,0.465865,0.201878,-0.375729,-0.372016,-0.693821,0.251037,0.327797,-0.176587,0.01447,0.645595,0.125144,0.033593,0.355502,0.526996,-0.475361,-0.13535,-0.199392,0.38681,0.04722,-0.281973,-0.702874,-0.535711,-0.110825,0.227352,-0.312068,0.98097,0.06545,-0.000592,-0.141335,-0.803396,0.255409,-0.070135,0.484781,0.263184,0.457454,-0.509442,0.25159,0.3765,0.307697,0.023256,-0.016367,-0.564714
"ACH-000352",0.190917,0.451019,1.116188,-0.029654,-0.522467,0.94817,0.740733,3.061327,-2.185905,0.127319,-0.147357,-0.352978,1.327418,0.075172,-0.266363,0.173182,-0.191301,1.870076,1.139944,0.085742,-0.099229,0.26246,0.219146,-0.086214,-0.072198,-2.604715,-0.384268,-0.084778,-0.01966,-0.139595,-0.203808,0.029742,1.799044,-0.042423,-0.475618,-0.042071,0.663181,4.60326,-1.001885,-0.647673,-0.226738,4.003636,1.617847,-0.647013,-0.484117,0.66867,2.488784,4.065766,0.454055,-0.422125,-0.385784,1.002532,-0.014211,0.465667,-0.010875,0.280372,0.155296,-0.372955,0.41099,0.266678,-0.4145,-0.464736,0.508375,0.087439,0.098038,0.661858,1.325642,0.340868,-0.518048,0.287857,1.020356,-0.137163,0.029804,0.313352,-0.495682,-0.352883,0.005368,-0.091078,0.836037,-0.510138,0.149922,-0.3757,-0.351694,0.049183,0.522379,0.742187,0.180248,1.070701,-0.057959,1.065407,0.288354,0.524303,0.192582,-0.024313,0
"ACH-000374",-0.703682,-0.359594,-0.303876,-0.230702,0.277621,0.675758,0.810479,-0.194998,-0.752577,0.09238,-0.095935,-0.024124,-0.362199,-0.044523,1.238024,0.368614,0.095299,1.691322,1.241057,0.051183,0.207816,-0.568618,-0.218949,-0.151996,0.933317,2.819102,-0.177237,-0.316822,0.107033,0.528781,0.611269,-0.349215,4.5384,0.648665,0.710473,-0.666603,0.123909,3.464331,1.186888,-0.03282,-0.123633,0.271148,-0.141449,0.094271,-0.08095,0.391145,-0.6987,0.411778,0.602979,-0.358529,-0.058575,0.26456,0.015169,-0.008264,-0.111623,-0.234646,0.271488,0.081528,-0.275986,-0.197915,0.15667,-0.027294,-0.321018,0.109767,-0.092745,1.509711,-0.627286,-0.66188,2.613408,-0.92966,-0.636388,0.012381,-0.160987,0.183674,1.631738,1.030231,0.001263,0.195725,0.071525,-0.129277,0.609912,2.000129,-0.110963,0.216206,-0.133933,0.1517,0.200997,0.231875,-0.628568,0.354536,-0.604601,-0.456442,0.274352,-0.190797,0.038861
"ACH-000409",-0.584066,-0.412272,-0.846503,0.20015,0.212642,0.055598,0.450243,1.737401,0.379067,-0.224317,-0.020706,-0.558147,0.122931,0.229781,0.247868,0.392808,-0.102338,0.395986,0.418838,0.107422,0.114056,-0.562627,-0.368479,0.030021,-0.251378,-2.469304,0.155501,-0.18818,0.196933,0.170129,0.47081,-0.130836,0.117847,-0.043119,0.244453,0.975347,0.000487,0.78325,-0.563579,0.368811,0.235471,2.255734,0.17055,-0.637202,-0.311945,-0.298756,-1.447424,-0.159389,-0.350009,-0.199091,0.314318,-0.357158,-0.02411,-0.307504,-0.171595,-0.396497,-0.763372,0.183235,0.293418,0.063819,-0.572121,0.278699,-0.05177,-0.091025,0.025133,0.129292,0.248166,-0.477252,-0.092321,-0.981041,0.022127,0.486277,0.282107,0.392484,-0.292927,-0.276972,0.740638,-0.3845,0.252246,0.345688,0.102026,-0.045054,-1.007532,0.898426,-0.04481,-0.402488,0.538744,-1.166859,-0.266563,-1.422915,0.051303,-0.080071,0.320297,0.11014,-0.106277
"ACH-000430",1.020146,0.273709,0.726061,-0.102645,0.707654,-0.186141,0.094057,0.142947,0.104266,-0.101832,0.718812,-0.263063,-0.047788,0.358472,1.058598,0.257881,0.214232,-0.351264,-0.17161,0.010034,1.184639,0.223342,0.027085,0.125659,0.792077,2.981432,-0.348924,-0.054844,0.240731,0.870915,1.668001,-0.177133,0.455834,-0.12811,-0.433338,0.295022,-0.047498,-0.259229,0.139042,-0.219388,0.135968,-0.032179,0.312316,-0.464126,-0.343431,-0.842279,-0.407764,0.034192,-0.280396,-0.255409,-0.142857,-0.856495,0.217414,-0.659652,-0.003789,-0.299381,0.468473,0.518704,0.04332,-0.217259,0.028964,-0.156525,-0.113974,0.102227,0.007903,-0.650936,-0.790811,-0.51966,1.202927,0.216154,0.028771,-0.505491,-0.065446,-0.088021,3.79364,-0.278574,0.058253,-0.068494,-1.046325,0.304283,-0.502492,-0.12898,-0.442777,0.199392,-0.1658,-0.201713,0.29534,-0.904215,0.832361,2.282867,-0.845557,-0.250703,0.113971,0.444838,0.547768
"ACH-000443",-0.523677,-0.486883,-1.044489,-0.423081,-0.038454,0.445438,0.688418,0.456789,-0.590118,-0.066489,-0.055796,-0.304145,-0.245632,0.259638,0.873036,0.28206,0.038488,1.561121,1.338683,0.031312,-0.023215,-1.058481,-0.899097,-0.065419,0.442731,1.026301,0.015607,-0.069885,0.059331,-0.675775,-0.030187,-0.198668,2.076091,-0.038957,-0.955556,-0.185998,-0.026063,2.008078,0.576446,1.60247,0.277723,1.364227,0.133308,-0.558994,1.823925,-0.962035,-3.102436,-0.426271,-0.472541,0.049545,0.923258,1.091315,-0.007479,0.516241,0.136614,-0.424325,-0.573013,0.054188,0.290178,0.056734,-0.07645,-0.137065,-0.241745,-0.079906,0.238038,0.693453,-0.852488,-0.639342,0.471924,-0.392039,0.873228,-0.20039,-0.022154,0.180167,-0.364237,-0.345713,0.619371,-0.462927,-0.653807,0.249501,-0.219634,-0.006564,-1.320102,-0.14544,0.079292,0.009588,0.645197,-0.172801,0.054922,0.095264,0.184947,0.139826,0.202804,0.16534,-0.045045
"ACH-000460",-0.74856,-0.536546,0.35807,-0.004936,-0.149483,0.058778,0.372056,-0.186415,-0.089212,-0.148639,-0.21975,-0.901372,-0.130071,-0.374587,-0.620276,-0.161475,-0.290191,0.457857,-0.130344,0.014618,0.942415,-0.281139,-0.260421,-0.150655,0.296233,-0.088889,0.634245,-0.244609,-0.271462,-0.422707,0.02554,0.087319,2.75944,-0.017828,0.593276,0.568189,-0.189029,2.227531,0.802603,0.152555,-0.171547,0.399583,-0.258502,-0.879638,4.053593,-0.180595,0.27322,0.270467,-0.111348,0.307211,0.735203,0.249445,0.046367,0.327362,0.0249,-0.19159,-0.669526,-0.020237,0.066892,0.206013,-0.072751,0.188904,-0.272142,-0.08718,0.044088,-0.145272,-0.721792,-0.665744,-0.287062,-0.537324,-0.320962,-0.072622,-0.10338,-0.129888,3.107459,-0.205319,-0.149576,-0.125612,-1.321653,-0.098871,-0.348475,-0.231939,-0.518435,-0.526911,-0.009211,-0.123816,0.1948,0.882128,-0.091125,-0.072924,0.018864,-0.035319,-0.038305,0.207048,-0.148751
"ACH-000520",-0.012451,0.095209,0.243744,0.220936,-0.918308,-0.033323,0.267478,1.041666,-0.200503,0.309277,-0.17462,-0.552128,-0.587891,-0.184292,0.316378,0.168905,-0.069892,-1.12215,-0.837498,0.143644,0.327227,-0.500801,-0.119629,0.039346,-0.315472,1.424723,0.014459,-0.133158,-0.089033,-0.056414,0.128045,0.063489,-0.069496,-0.032869,0.889659,-0.271652,-0.132283,-0.727109,0.236092,-0.159258,-0.088714,0.061299,0.094457,-0.047976,1.502263,-0.005838,-0.047414,-0.2491,-0.466013,-0.122494,0.026999,-0.362732,-0.12518,-0.327751,1.287218,0.205177,-0.058219,0.1691,-0.337144,0.135972,0.256596,0.752955,0.57747,-0.042283,0.199781,0.033716,0.112233,1.114624,-0.679234,-0.317932,0.060218,-0.122169,0.405007,0.92077,2.409393,-0.444616,-0.217527,-0.17901,0.045715,-0.075209,-0.451157,0.268513,0.164709,-0.923072,0.816139,0.51446,-0.137308,0.706034,0.566679,0.079273,0.013038,0.024196,-0.103573,0.055712,0.536919
"ACH-000524",-0.928834,-0.317348,-0.811373,-0.50151,0.830234,-0.269561,0.275197,-0.347415,0.436349,-0.126336,-0.000671,-0.365019,-0.058078,0.985527,1.163455,0.051215,0.012863,1.058855,0.706402,0.17826,-0.24074,-0.693534,-0.549041,0.06598,-0.271023,3.131783,-0.471837,-0.430502,-0.327423,0.498102,0.130309,-0.098318,0.082983,0.070388,-0.801318,1.112016,0.029928,-0.025038,-0.712449,0.201638,-0.027714,-0.296671,-0.116137,0.03565,1.35894,-0.433888,-0.680512,0.003234,-0.756951,0.70382,0.254598,-0.537249,-0.200663,-0.006959,-0.368735,0.529246,-0.751614,0.591389,0.596318,0.384722,0.732724,0.514445,-0.256833,-0.089222,-0.267081,0.034698,0.10218,-0.513318,3.123107,-0.502223,-0.093977,0.286607,-0.089289,0.739717,-0.222876,-0.122539,0.107085,-0.434603,-0.392236,0.838392,-0.463727,0.287291,-0.787687,-0.085931,-1.020374,-0.661747,0.496696,0.136852,-0.136921,0.177643,0.433277,0.027232,0.585722,0.114984,-0.177674
"ACH-000527",-1.229024,0.213116,-0.776623,-0.472723,0.220683,-0.232981,0.031062,-0.27852,-0.080979,-0.017016,0.06155,0.811184,-0.125099,0.812774,0.209741,-0.014301,0.333202,-0.73466,-0.341683,-0.251336,0.139221,-0.296456,0.000257,0.519341,-0.500585,1.599233,0.12285,-0.627481,-0.008712,-0.477092,-0.275259,-0.326457,4.252865,-0.614363,0.134121,2.258087,-0.004989,3.45335,1.826177,1.232414,0.053728,-0.267016,0.118737,-0.30455,0.305421,-0.759465,-1.641525,-0.659951,-0.21679,1.364899,0.807048,1.002879,0.367066,-0.482388,0.168001,-0.005889,-0.849216,0.421759,-0.066127,0.412782,-0.064904,0.068095,-0.0906,-0.202788,-0.092416,-0.186732,-0.200885,-0.175477,-0.088995,-0.551908,0.667017,0.563217,0.491646,1.038784,-0.328298,-0.157879,0.150856,0.159764,0.138926,0.785138,-0.539023,-0.266108,-0.689453,0.317617,0.656825,0.594967,0.50146,0.323673,0.395913,-0.064461,-0.155291,0.027855,0.201954,-0.174687,0.226603
"ACH-000536",-0.071538,-0.189922,-0.245781,0.136048,0.709461,0.834686,0.541024,-0.19269,-0.238141,0.195193,-0.4201,-0.104994,-0.178927,-0.963188,0.381017,0.145716,-0.162081,1.185298,1.021742,0.180902,-0.040451,-0.351863,-0.158924,0.311356,0.888978,-1.823543,0.193734,-0.638035,-0.041282,-0.021065,0.122694,-0.15227,2.69308,0.921129,-0.554442,-0.037905,-0.307383,3.797785,1.444334,0.159627,-0.16904,0.75006,-0.121777,-0.092564,-0.577698,-0.198386,1.632129,1.495213,0.527914,0.520833,0.204507,-0.034017,-0.028424,0.361548,-0.453494,-0.562319,0.81299,0.863386,-0.020091,0.285967,-0.258285,-0.716015,0.079816,0.12055,0.046077,0.135418,0.12968,0.003754,0.671243,-0.507804,-0.454425,0.151814,0.00149,0.755162,-1.188688,-0.207111,-0.099987,0.595178,-0.603718,-0.029303,-0.242378,-0.438125,-1.134436,-0.202799,-0.670653,-1.198753,0.524846,0.365647,0.339007,0.674698,-0.188518,0.916645,0.293556,-0.391478,-0.055709
"ACH-000542",0.053934,-0.427113,-0.080897,0.137203,-1.482667,-0.413701,-0.196619,-0.32003,1.146318,0.038206,0.136544,1.138698,-0.283255,0.639066,0.830241,0.251825,0.028964,-2.085208,-1.062342,0.235351,1.508869,-0.363958,0.041935,0.08891,-0.570116,2.775253,0.748226,-0.37847,-0.153741,-0.387586,-0.094547,0.231161,-0.553825,-0.165834,-0.661849,-0.259291,0.383202,-1.535958,1.786077,0.264103,0.009277,-0.360646,-0.012208,0.518217,1.622603,-0.453063,1.387324,-0.19461,-0.217761,0.086664,-0.28362,-0.100487,-0.144808,-0.147047,1.223095,0.601199,0.00832,0.741723,-0.22574,-0.033692,-0.167414,0.564827,-0.051913,-0.143321,-0.329393,-0.021506,0.10861,0.535114,-0.473479,-0.332816,-0.267754,-0.760776,0.078703,-0.052399,3.569389,-0.052222,-0.167372,-0.343831,0.852736,0.071123,-0.526869,0.34165,0.167425,0,0.393242,0.138639,-0.430473,0.444554,0.215166,1.264726,0.32597,0.117525,-0.309149,0.101817,-0.012904
"ACH-000554",0.461909,0.698914,0.702645,0.110398,-0.790954,0.674682,0.526867,1.086134,-1.210142,0.348708,-0.266239,-1.156668,0.124783,-0.567884,-0.067221,0.156237,-0.09006,0.89105,0.529367,0.158135,0.140355,-0.652745,-0.270381,0.274723,-0.130403,-2.642554,0.080432,-0.101363,-0.114242,-0.184889,0.22169,-0.323527,2.834494,0.891317,0.017192,-0.335215,0.022075,3.98067,-0.147998,3.623352,-0.00381,0.555196,-0.127073,-0.987492,-0.463876,0.43779,-0.48536,0.564172,0.779075,5.014069,4.204083,0.748227,0.487328,0.701713,0.46256,-0.48967,0.525596,0.607777,0.072207,0.5451,-0.420425,-0.401735,0.079889,0.369113,0.079805,-0.002842,0.137812,0.260348,0.006524,0.45649,2.058954,0.15608,0.412922,0.810611,-0.611628,-0.696845,0.006153,1.173527,-0.400043,-0.143377,0.687539,-0.561978,0.240226,-0.412235,1.109064,1.195179,1.042033,0.047503,0.373846,0.730262,-0.311224,0.836618,-0.498993,-0.138098,0.448448
"ACH-000568",-0.067238,0.398041,0.679467,-0.148519,-0.418316,0.439178,0.343979,-0.156631,-0.236804,-0.291174,-0.203245,0.004408,-0.329234,-0.397175,-0.196971,-0.047764,-0.170326,-0.466627,-0.184547,-0.041981,-0.079791,-0.547072,0.000705,0.097731,-0.521028,-3.992186,-0.368372,-0.389323,-0.206958,-1.726232,-0.363062,0.114354,1.392255,0.350095,0.177695,0.032315,0.123103,3.751465,-1.638904,2.733676,-0.177849,2.276967,0.339272,0.299653,-0.698453,-0.64265,0.663469,3.575188,0.648564,5.116361,4.393102,1.452884,1.097451,-0.028152,-0.134025,-0.555223,0.069087,-0.374647,0.293649,0.496928,-0.178597,-0.819154,0.432357,-0.068554,0.020194,0.7121,1.107974,-0.518213,-0.70931,0.467017,1.874994,0.084078,0.15994,-0.138725,-0.953095,-0.306305,0.990896,0.542788,0.615386,0.373803,-0.098931,0.159859,0.505149,-0.639434,1.959211,1.852624,0.705267,1.073606,0.414037,1.046828,0.479069,0.809435,-0.003104,-0.104269,-0.279869
"ACH-000573",-0.109508,0.387815,0.209407,-0.18724,0.586882,-0.238666,-0.36219,-0.195224,-0.297428,0.311661,-0.115933,-0.230207,-0.097523,-0.370287,-0.608201,-0.064338,-0.295873,0.68938,0.38279,0.086664,0.002661,1.473648,1.159955,0.488231,-0.587855,1.27918,0.207665,0.173737,-0.050478,0.077028,0.036982,0.293516,-0.598166,-0.671613,0.650334,0.574863,-0.245521,-1.148815,0.065247,-0.354928,0.046808,0.104856,-0.081565,-0.180867,0.169721,1.020801,0.228709,-0.656813,0.38216,-0.593058,-0.596961,-0.303732,-0.037098,0.005836,-0.11044,-0.3385,0.143462,-0.175801,0.143361,0.021133,-0.165237,0.107311,-0.097961,0.041815,-0.011494,-0.047169,0.01888,-0.034416,-0.569272,-0.263847,-0.070553,-0.069745,-0.115232,-0.064226,2.311694,-0.519649,0.036392,0.804745,-2.404096,0.074107,0.548619,-0.87259,-1.649984,-0.644002,0.297306,-0.322825,-0.253437,-0.506744,1.245626,-0.395514,0.472289,0.430222,-0.336765,-0.075979,0.482986
"ACH-000574",-0.883325,-0.669223,-1.4665,-0.391997,0.414731,-0.209052,0.468569,1.106501,-0.296819,-0.487595,0.261696,-0.141071,1.980037,1.152514,0.217737,0.000198,0.311909,1.596958,1.232336,0.138032,-0.181572,0.305765,0.289124,0.200988,0.104001,-0.503673,-0.116949,0.006897,-0.026035,-0.395171,-0.135223,-0.173809,-0.074113,0.327665,0.807151,1.887181,0.00245,0.68674,-0.277382,-0.530684,0.234576,-0.053759,0.146768,-0.489136,-0.085891,-0.03554,-0.237464,0.142066,-0.766137,1.09473,0.213452,-0.355144,0.059714,0.186757,-0.20922,-0.683396,-0.193947,0.226945,0.182241,-0.2944,0.409944,0.818691,0.037117,0.060036,-0.106181,0.032247,0.151248,-1.098924,1.52369,0.023904,-0.488058,-0.158803,-0.113066,-0.475992,-0.29464,-0.244712,0.393869,-0.37777,-0.046077,1.061255,-0.117718,0.013385,-1.039085,1.331718,-3.860881,-3.215893,0.012847,-0.032743,-0.646481,-0.007668,-0.625072,-0.21311,0.958144,0.032599,-0.19879
"ACH-000584",0.166129,0.355644,-0.01189,-0.0896,0.151237,-0.025481,0.382262,0.443577,-0.529933,0.065985,0.226888,-0.491799,0.383701,0.116624,0.07857,0.183825,0.391038,0.214389,0.412944,-0.123836,-0.518336,0.726111,0.769854,0.727974,0.295581,-1.108282,-0.015808,0.036185,0.222933,-0.044206,0.217379,-0.362556,2.462558,0,-0.725442,-0.1973,-0.015162,2.045309,-0.465011,-0.161047,0.19709,0.33541,0.034031,-0.276667,1.900869,-1.251467,-1.952715,0.189767,0.30261,-0.47215,0.034083,0.552967,0.006096,1.778781,0.130092,-0.85586,0.024109,-0.167794,0.467515,0.154289,-0.061678,-0.064335,-0.324802,-0.174386,-0.056885,-0.002258,0.268687,0.371551,0.273924,-0.693844,0.146356,0.689682,0.275399,0.953219,-0.336779,0.134522,0.371562,-0.355828,0.5918,0.017034,0.404682,0.508324,0.755106,-0.527111,0.774305,0.221153,0.090089,0.464662,-0.214273,-0.247113,-0.391328,-0.137685,0.47637,-0.072424,0.362025
"ACH-000608",-0.516045,-0.849294,-1.144674,-0.208795,-0.41205,0.122141,0.879553,-0.003923,-0.047934,0.153035,-0.032008,-0.279237,-0.789355,0.397704,0.657088,0.058286,0.337533,0.701365,0.680089,0.271691,0.181883,-0.359984,-0.360951,-0.108451,-0.167836,-2.348988,-0.087097,-0.070257,-0.079877,-0.151668,-0.083342,0.331794,2.261839,2.062935,-0.008697,-0.385788,-0.190957,3.543759,0.944748,1.312355,0.146855,0.102856,-0.185361,0.126882,-0.427486,0.003567,-0.006389,0.303154,-0.016409,0.061074,0.56319,0.56125,-0.161721,-0.258066,1.075084,0.355667,-0.075132,0.436524,-0.06487,0,0.118948,-0.13444,0.168933,-0.165081,-0.242989,0.032891,0.195542,-0.153802,-0.384717,-0.533157,0.047653,0.00805,0.043721,0.165956,2.426865,-0.226986,-0.084177,-0.574591,0.121118,-0.088833,0.423313,-0.11705,-0.511665,-0.205825,-0.424867,-0.346821,0.701357,-0.332154,0.064968,0.544568,-0.220479,-0.142338,-0.08924,-0.002245,-0.752613
"ACH-000617",-0.439185,0.313988,-0.169674,-0.018308,0.072335,-0.254794,0.306913,-0.369748,-1.06429,-0.01826,-0.087456,-0.079404,-0.511339,0.683722,0.894563,0.064844,0.113867,0.65422,0.441236,0.173331,-0.133304,-0.543744,0.087376,0.027603,0.516389,-1.369722,-0.190573,-0.334116,0.1017,0.306383,0.151216,0.007714,1.416529,0.026923,0.244462,1.290006,0.01406,3.5556,0.16468,0.010752,0.076542,-0.430382,-0.061965,0.535727,-0.559642,-0.214766,0.252189,-0.590052,0.03546,0.417667,0.010586,0.004373,-0.078663,-0.335406,0.301795,0.472338,-0.144693,-0.285734,0.332226,0.430417,0.255324,0.252757,-0.297955,-0.213955,-0.321504,-0.155422,-0.199867,0.46119,0.395712,-0.753181,0.076424,0.398983,-0.188225,-0.190134,1.011797,0.157689,-0.008516,-0.136943,0.559281,1.111866,-0.364235,-0.019467,-0.170874,-0.007644,1.888273,2.265751,0.085438,-0.71838,0.029572,-0.904688,-1.20126,-0.584328,0.031121,0.052643,-0.203914
"ACH-000621",-0.079371,1.072124,0.568154,0.335443,0.080541,-0.251585,-1.008559,-0.4406,-0.531276,0.17778,-0.022725,-0.365859,-0.076815,0.279048,0.051353,0.036555,0.057555,-0.018226,-0.081512,-0.108961,0.034771,0.446369,1.333527,0.217544,0.712958,2.46034,-0.416268,-0.270086,0.040694,0.113752,0.627161,-0.384302,0.204278,0.264912,0.448305,1.524267,0.075659,-1.302304,0.208496,0.53382,0.083418,-0.404333,-0.056317,0.851033,2.431802,-0.465713,-0.990903,-0.445638,0.013084,0.452277,0.292184,-0.380987,-0.112709,-0.262012,0.164873,-0.042534,-0.040912,-0.627991,1.182928,1.017664,-0.207264,0.302577,-0.285103,-0.1868,-0.107728,0.277373,0.457683,-0.512911,-0.809537,0.596167,1.009672,-0.157551,-0.210384,-0.298988,0.127158,0.047299,-0.066986,0.141829,0.233211,-0.085009,-0.405881,-0.316584,-0.676152,0.543711,1.207172,1.473119,-0.412467,-0.07662,0.907256,0.207536,0.505648,-0.153511,-0.254402,0.143557,0.062615
"ACH-000635",-0.200821,-0.310638,-0.341824,-0.307648,0.167346,0.178722,0.344701,0.122474,-0.085068,0.226724,0.328035,-0.093632,-0.696589,0.086551,0.983188,0.05982,0.010449,0.079442,0.195039,-0.049599,-0.094358,-0.389611,0.123431,0.517035,-0.244835,-1.164808,-0.183939,-0.147646,-0.165396,-0.005406,-0.223755,-0.007181,4.754157,-0.139258,-0.200663,0.478079,0.116074,2.686731,-0.419162,0.065021,0.005999,0.398611,-0.178675,-0.178157,0.061015,0.021391,0.483634,0.244695,0.559989,1.560663,1.049569,0.973759,-0.028518,1.166394,-0.220962,-0.47532,-0.259957,-0.140454,0.563791,-0.188933,1.013774,-0.562,0.287285,-0.196724,-0.019854,0.388834,0.486677,0.529518,0.227658,-0.680587,0.214464,0.136296,0.016668,0.306798,0.53218,-0.392826,0.402179,0.073716,-0.543601,-0.218783,-0.059115,-0.67405,-1.07859,0.308258,1.722586,0.486584,0.533999,-0.079735,-0.352702,-0.640373,-0.388724,-0.265966,0.272189,-0.303098,-0.003175
"ACH-000643",-0.457065,-0.358305,-0.461678,-0.120279,0.033503,0.382003,0.456581,-0.105174,-0.514323,-0.027457,0.028728,-0.434336,0.076942,-0.100488,-0.060589,0.021034,-0.182917,0.397146,0.363,0.330063,0.023813,-0.862284,-0.498725,-0.157992,0.129586,2.861113,-0.278677,-0.020952,0.104303,0.174841,0.306156,-0.150441,3.835028,-0.029833,0.388955,0.333761,-0.081216,3.24086,0.492416,0.72539,-0.057965,0.382254,-0.11732,-0.268543,0.663217,0.095243,-1.084998,1.202839,-0.278824,0.57532,0.373831,0.624132,-0.094713,0.235556,0.072183,-0.936746,-0.172245,-0.317401,-0.325477,-0.224345,0.347196,-0.076164,0.089741,0.320439,-0.102781,-0.036029,-0.42491,0.092742,-0.238457,0.044008,0.411679,0.085361,-0.071845,0.152777,0.500663,-0.317171,0.192496,-0.315669,-0.392208,-0.136034,0.139898,-0.75625,0.454322,-0.344302,-0.746735,-0.924928,0.388334,-0.019932,0.166864,0.577274,-0.545362,0.012693,0.059268,0.151399,-0.2653
"ACH-000646",-0.71518,0.144731,-0.938175,-0.101199,-0.280629,0.457818,0.166634,0.1991,0.295242,-0.001693,0.244261,0.867339,-0.621665,0.72856,-0.656981,0.157409,0.308366,0.108937,0.123468,-0.058747,0.301133,-0.392378,-0.352805,0.023196,0.007977,-0.785422,-0.068427,-0.011071,0.030706,0.525654,0.682684,-0.148718,2.464054,-0.011635,-0.287259,1.760282,-0.16943,2.517677,0.632184,0.552259,0.227406,0.160266,0.173354,-0.317856,-0.360539,-0.404131,-0.260345,-0.334061,-0.583125,0.31459,0.657376,1.393508,0.004977,0.199592,-0.174416,0.544641,-0.914324,-0.359261,-0.687736,-0.178825,-0.76924,-0.401418,0.05408,0.001471,0.065106,-0.389413,-0.545316,-0.675758,0.142426,-0.541004,0.478473,0.53921,0.363749,0.202345,1.512693,-0.341311,0.385063,-0.125482,-0.647369,-0.150352,-0.491789,0.043934,-0.293961,0.030459,0.194723,-0.005059,0.186297,0.40823,0.001105,-0.652205,-0.734732,-0.193738,0.529021,0.13572,0.179755
"ACH-000657",0.753555,1.025781,1.357088,0.448512,1.171533,-0.36258,-0.581854,-0.051937,0.998341,-0.2018,0.170315,0.666966,0.178058,-0.153689,-1.197236,-0.22287,0.076733,-1.5151,-0.796101,-0.435365,-0.536674,1.145341,0.759765,0.529028,0.4804,-2.953479,0.759428,0.266345,-0.04845,0.899534,0.066174,0.208774,-0.559576,-0.162663,0.165418,0.938809,-0.057813,-1.46867,-0.881994,-0.250194,0.074589,-0.122472,0.170418,-0.298063,0.110436,-0.618998,-0.699969,-0.534699,0.001563,0.134747,-0.190813,-0.732946,0.03087,-0.085187,-0.28984,0.81774,-0.145074,0.309441,0.368173,0.201118,-0.085787,0.05984,-0.041524,-0.092565,-0.115412,0.057731,0.17175,-0.035266,-0.273596,0.449106,0.853506,-0.00858,-0.042497,0.614369,0.446293,0.17075,-0.002974,0.429183,-0.116688,0.155529,0.110321,0.045529,-0.307817,-0.020985,-0.369865,-0.53024,0.202933,-0.178344,0.929666,0.582706,0.225303,0.045195,0.071216,-0.046844,0.001066
"ACH-000663",0.32337,1.248291,0.613829,0.420367,-0.66655,0.028532,-0.834314,-0.192939,-0.137792,-0.005161,-0.028561,-0.10245,-0.555909,0.249442,-2.390136,-0.228038,0.167849,-1.019753,-0.905738,0.092472,0.686485,-0.42828,-0.225346,0.066883,-0.187133,3.137672,-0.272015,-0.255293,0.116501,-0.221966,-0.256245,-0.253526,-0.366134,0.096542,-0.642041,0.113312,0.19248,-0.66922,1.063641,-0.227707,-0.143304,-0.407403,-0.140788,0.181948,0.081965,0.156874,0.488642,-0.251386,-0.328298,0.506386,0.424844,-0.302627,-0.233634,-0.375204,0.493455,0.114894,-0.096046,0.534755,-0.404635,0.062436,0.363564,-0.499515,-0.135335,-0.095474,-0.172289,-0.178681,-0.388854,0.264816,-0.311454,-0.54661,1.034359,0.078697,0.467221,1.168503,3.526173,-0.041552,-0.566489,-0.024311,-0.019824,-0.421849,-0.002233,0.225813,0.584512,0.230181,0.267708,0.382356,-0.264663,-1.089238,-0.274412,-0.844149,-0.577966,-0.205246,-0.40454,0.248233,0.653054
"ACH-000668",-0.710778,-0.420148,-0.727408,-0.4834,-0.534111,-0.192914,0.2525,0.287661,-0.351655,0.278863,-0.153547,0.353723,-0.558142,0.256796,1.062193,0.281362,0.012863,0.880591,0.631759,-0.157506,-0.395282,-0.588948,-0.387401,-0.06867,0.096374,-1.687904,-0.465261,-0.182075,0.547804,0.704919,0.043321,-0.346148,4.664493,-0.137919,-0.161988,-0.535835,1.044652,3.677143,1.000352,0.635184,-0.076139,-0.346299,0.057676,0.981301,-0.775097,0.566089,0.686714,1.341271,0.171175,0.443683,0.206539,0.329003,-0.256363,-0.28172,-0.059436,-0.591069,0.63623,-0.090908,0.430573,0.278381,-0.065081,0.088514,-0.219487,-0.135178,-0.321222,0.241121,0.604475,0.180292,1.3476,-0.678737,-1.196305,0.828196,-0.361697,0.103962,-0.834127,0.153653,-0.194665,0.220023,-3.033858,0.022967,0.121838,-0.476769,-1.533025,0.118515,-0.718458,-0.75528,0.55711,-0.428983,-0.131825,0.016793,-0.24754,0.255492,-0.56294,-0.160723,-0.287553
"ACH-000688",-0.29976,0.343197,0.110671,0.163377,-1.062184,0.067224,0.121794,-0.137465,0.678011,-0.056833,0.093594,-0.799061,-0.329012,-0.160829,0.08747,0.013531,-0.161559,-1.0159,-0.83565,0.421417,0.184235,0.590244,0.866603,0.239874,-0.476079,1.972996,0.061709,-0.082351,-0.172017,0.044648,0.052257,0.198517,-0.216023,-0.126334,0.29515,0.581485,0.454753,-0.349113,0.575051,-0.096219,-0.168101,-0.050807,-0.10324,0.143827,3.453494,-0.649434,-1.096125,0.019772,0.166785,-0.749138,-0.327245,-0.255217,0.042986,0.270663,-0.22589,0.113512,0.0165,0.050359,-0.218891,0.139621,0.563524,0.854985,-0.302425,-0.038806,-0.049973,0.257288,-0.008231,-0.530103,0.145151,-0.155448,0.547506,-0.218609,-0.337108,-0.072124,4.315862,0.043228,-0.295105,-0.032078,-0.837636,-0.058843,0.196493,-0.333312,-2.024023,-1.209894,0.635251,0.624701,-0.095754,-0.461849,-0.018737,-0.122314,0.014933,-0.170642,-0.184019,0.360943,-0.24771
"ACH-000696",0.851933,-0.349601,0.412347,0.494956,0.072659,-0.372877,-0.091641,-0.04357,0.415042,-0.028099,0.101762,-0.203942,-0.207347,0.037347,0.667869,-0.0769,0.014289,-1.588582,-0.924534,0.174734,0.534518,1.033526,1.021558,0.373067,-0.464721,3.553152,-0.171158,0.034893,-0.202271,-0.245443,-0.386605,0.180938,-0.616865,-0.127066,0.347729,0.947379,0.595552,-1.192987,0.961193,0.173478,0.006389,-0.343817,-0.026697,-0.161222,1.652325,0.032175,0.91424,0.147315,0.407252,0.001217,-0.155016,1.383226,0.129281,-0.075513,0.232153,0.377887,-0.246393,-0.013417,0.149149,-0.126456,-0.05675,0.428883,0.001468,-0.139994,-0.31573,-0.140231,-0.106394,-0.711344,0.671882,0.595467,-0.774014,0.18669,-0.000111,-0.469049,2.218371,0.259915,-0.105131,-0.390857,0.325494,-0.013368,-0.013249,-0.786762,-1.249761,-0.243068,0.465343,0.315021,-0.106692,-0.117706,0.61291,0.041203,0.642725,0.030698,-0.124984,-0.180034,-0.182749
"ACH-000699",-0.292465,0.61884,0.278003,-0.057549,0.452823,0.278541,0.306071,-0.0095,-1.596426,0.264592,-0.122011,-1.0861,-0.505634,0.045603,1.531783,-0.103476,-0.127366,-0.738049,-0.595556,0.380943,-0.015885,0.276603,0.300317,0.062395,-0.054466,4.047202,0.037259,-0.180543,-0.001742,0.638784,0.417674,-0.135755,-0.591278,0.310478,-0.048736,0.337551,0.316353,-0.758948,0.393746,-0.440605,-0.196221,-0.358171,-0.028446,-0.006714,2.228261,0.969868,1.617936,-0.065588,-0.263614,0.61449,-0.254378,-0.462953,-0.006621,-0.972996,-0.428223,-0.124004,0.334954,-0.437194,0.080443,0.261224,1.409471,0.852863,-0.080114,0.052831,-0.049839,-0.018519,-0.063173,-0.712135,1.570629,-0.545822,-0.05648,0.52811,0.055135,-0.172694,-1.224593,-0.067157,-0.470363,0.936286,-2.858041,-0.404585,0.439045,0.238647,0.760353,0.658341,0.842597,0.913935,-0.323275,-0.06819,-0.168738,-0.131006,0.13523,0.442702,-0.265487,0.38494,-0.22339
"ACH-000701",-0.960294,-1.09102,-1.358306,-0.464995,-0.408742,0.053705,0.855894,0.020092,-0.02508,-0.196289,-0.06322,-0.198671,0.068798,0.598313,1.133128,0.198521,0.183207,1.181178,0.796376,0.338848,-0.191881,-0.130935,-0.059914,0.230895,-0.577666,0.771998,-0.056721,-0.413352,-0.344123,0.070896,0.039912,-0.23168,2.29036,-0.26544,-0.536406,-0.020157,-0.009042,5.016611,1.436788,0.581712,-0.019029,-0.000632,0.010779,-0.160601,-1.243933,-0.110557,0.861044,1.962426,-0.113387,0.637312,0.300791,0.671298,0.003588,0.231716,0.778336,0.57555,-0.13504,1.281788,0.207653,0.057209,-0.231929,-0.289305,0.040319,-0.106326,-0.342883,0.849985,0.069326,0.788672,-0.037697,-0.213168,-0.854886,-0.544257,0.055289,0.778141,-0.50547,-0.329683,-0.078337,-0.04888,-0.153713,0.690079,0.108087,1.209918,-0.354003,0.479455,-1.570311,-1.689218,0.732517,-0.776893,-0.400749,0.087966,-0.166294,0.076298,0.619928,-0.239957,-0.411595
"ACH-000704",-0.742427,0.051344,-0.754154,0.081002,-0.198737,0.253521,0.27618,-0.046901,0.519934,-0.103357,-0.123662,0.131339,-0.258011,-0.122082,-1.260321,0.008869,-0.062831,0.044959,0.120597,-0.197481,-0.228107,1.030284,1.17778,0.698964,-0.538374,-2.013028,-0.086867,-0.319365,-0.349354,-0.071675,-0.27975,0.101055,-0.29026,-0.084215,0.061975,0.423051,0.245125,2.244889,0.167956,0.184741,-0.038196,-0.146468,-0.171092,-0.122753,0.877857,-0.393302,-0.955499,-0.007346,-0.218346,0.398133,0.566041,0.061738,-0.210019,-0.223915,-0.375604,-0.440057,-0.11936,0.323909,-0.000271,0.136724,-0.083328,-0.267853,-0.062973,-0.131511,-0.091166,0.058161,0.019342,-0.988039,-0.40536,-0.381929,0.129006,0.385282,-0.000525,0.084597,-1.193041,0.07092,-0.084123,0.28854,-0.418744,-0.186626,-0.061752,0.088207,0.101327,-1.573795,1.588408,1.24389,0.259699,0.218115,0.027609,-0.467133,0.149236,0.361689,0.178637,0.140492,0.24125
"ACH-000711",1.074573,1.56144,1.55198,0.952848,-0.557461,0.695387,0.074892,-0.360176,-1.287076,0.183409,-0.329613,-0.438767,-0.644305,-0.357434,-0.100804,0.130866,-0.407187,-0.05168,-0.101839,0.010924,0.575849,0.393094,0.527671,0.83186,-0.700621,0.891618,0.072195,-0.207146,0.023719,0.122235,0.109041,-0.428966,2.267862,0.634939,1.412802,0.528973,-0.027665,2.787141,0.587342,0.313056,-0.242336,0.317903,-0.312259,-0.497338,-0.545999,1.09597,0.113963,1.241047,0.567178,2.468605,1.353556,0.730167,0.049846,-0.332185,0.229774,-0.26431,0.089597,0.955154,-0.515367,-0.143014,-0.284171,-0.588276,-0.444492,-0.244142,-0.212139,0.496168,0.760642,0.705415,1.986863,-0.222106,0.901391,-0.055015,0.076319,0.843494,2.672306,0.50076,-0.027381,0.907621,-0.30659,-1.445997,0.666507,-0.476761,0.098572,-1.325714,0.305193,0.338708,0.389433,0.394509,0.53142,0.26288,0.011964,0.342669,-0.166856,-0.371076,-0.090126
"ACH-000713",-0.970395,-0.545579,-0.958976,-0.188669,0.194514,-0.292816,0.099301,-0.306941,-2.066298,0.022955,0.126296,-0.529534,-0.674954,0.390917,0.597609,-0.00566,0.111911,0.116505,0.206069,0.191168,0.341954,0.677278,0.498689,0.278575,0.62943,-1.999643,0.474357,-0.506882,0.068376,0.716717,0.238349,-0.719108,4.290236,-0.133488,-0.331845,0.706446,0.260614,3.126147,0.786103,0.964938,0.034438,-0.22173,0.006075,0.435505,-0.089799,0.442848,2.233423,-0.406112,0.181997,0.346248,0.3203,0.559251,-0.058156,-0.143941,0.2906,-0.030122,0.321711,0.467435,-0.152146,0.120018,0.016159,-0.17928,-0.147882,-0.191079,-0.130105,-0.414658,-0.778933,-0.601645,-0.649795,-0.324563,0.148926,0.216494,0.502485,1.042713,-0.443615,-0.197578,0.023612,-0.323265,0.461323,0.028571,0.019406,-0.740525,-0.252878,-0.159624,1.25141,1.729075,0.530334,-0.804953,0.141233,-0.133977,-1.01254,-0.437902,0.045942,0.166975,0.060292
"ACH-000719",-0.110067,-0.307035,-0.010143,-0.048771,0.855702,0.18759,0.497533,-0.035943,1.156555,-0.105592,0.084362,0.157088,2.153164,-0.00827,0.524037,0.108818,0.146355,1.304998,1.10266,-0.06855,0.128379,-0.30216,-0.056586,0.270854,0.104714,-2.368652,-0.261787,-0.694841,-0.037172,0.113391,-0.018006,-0.116023,2.157896,-0.027193,-1.793113,0.571746,-0.121208,3.873369,0.368693,0.721814,0.016463,0.21994,-0.029316,-0.74794,-0.101864,-1.236808,-0.970683,0.238821,-0.471589,1.432701,0.731881,0.99381,-0.036399,0.433327,-0.205527,0.441061,-0.246922,0.567435,0.255758,0.293686,-0.202013,-0.19409,0.090141,0.230191,0.02593,-0.466812,-1.003835,-0.321062,-0.3568,-0.298046,0.075144,0.124445,0.025918,0.626757,-0.581405,-0.463796,0.209907,-0.193819,-0.306256,-0.126017,-0.253844,-0.180386,-0.795744,0.193252,1.376271,1.507423,0.900269,0.019658,0.284154,0.132793,-0.241802,0.752321,0.241644,0.015803,-0.201114
"ACH-000721",0.178969,-0.303933,-0.793312,-0.153905,-0.402249,0.380295,-0.449794,0.077209,1.217316,-0.256633,0.79892,-0.633747,0.473624,-0.562662,-3.509978,0.012634,0.012717,0.569137,0.565383,-0.131369,0.096537,-0.236594,-0.53775,0.04216,0.496092,2.514715,-0.046744,0.029846,-0.17586,0.033719,0.166339,0.520361,-0.024484,-0.228427,0.787259,0.696995,0.20901,-1.010629,-0.584421,-0.517277,0.013612,0.299315,-0.090511,-0.36199,-0.423395,-0.289753,-1.195457,0.061526,0.210846,-0.827009,-0.301462,-0.812336,-0.024981,0.453989,0.704058,-0.993456,-1.064194,-0.140429,0.11322,0.052557,0.139078,-0.113913,0.226693,0.333395,0.202629,-0.125755,-0.604192,-0.78225,-0.255632,1.759337,0.750687,-0.358782,0.131427,-0.084033,0.216774,-0.234995,0.341622,-0.314928,-0.323902,0.646047,0.220679,-0.365037,0.003287,0.541781,0.254512,0.771627,0.163081,0,-0.263344,-0.222886,-0.62253,-0.163506,-0.089573,-0.313739,0.026951
"ACH-000725",0.108885,0.44374,0.20698,-0.040618,-0.385166,0.583685,0.460001,3.760453,-1.460566,-0.082964,-0.239221,-0.295386,-0.254626,-0.036373,0.094662,0.162506,0.212398,-0.046608,0.075572,-0.252215,-0.260031,-1.268922,-0.15139,-0.120429,0.062559,-3.19813,-0.397748,-0.308954,0.037563,0.100598,0.087312,0.008172,1.577479,0.442372,-0.419819,-0.30731,0.590323,3.841488,-0.661959,1.146,-0.141344,-0.013904,-0.124091,-0.505536,-1.028108,-0.371555,-0.720069,2.956744,0.327814,4.244729,2.908467,1.404949,0.323314,0.428819,-0.239349,-0.644433,-0.250389,-0.711643,0.367406,0.651745,-0.315084,-0.265249,0.419572,0.090842,0.144313,0.087245,0.131795,-0.549297,-0.155463,0.327031,1.159634,0.607289,-0.114564,-0.273171,-0.716708,0.12602,0.032469,0.464611,1.090763,-0.306027,0.049482,-0.178756,0.027439,0.09234,1.169866,1.56502,0.233561,-0.896484,-0.362732,0.292096,-0.132732,0.228612,0.118947,-0.253984,-0.499644
"ACH-000755",0.22417,-0.369129,-1.031491,-0.202695,-0.461022,0.694432,-0.347248,2.407439,-0.611002,-0.405137,-0.109589,-0.397401,0.151982,-0.484535,-2.687939,-0.091888,-0.046265,-0.388106,-0.154107,-0.033162,-0.172565,0.007685,-0.236137,0.03137,-0.090207,-2.647282,0.021756,-0.092263,-0.391518,-0.409003,-0.193742,0.178435,2.79999,-0.430322,-0.164314,0.458963,0.23548,0.717818,-0.350389,2.822702,-0.036018,0.553537,0.041549,-0.557217,-0.636678,-0.445201,-0.719976,2.69856,-0.3064,5.42174,4.293075,1.83098,1.268191,0.528887,0.037082,-0.220385,-0.366253,-0.936236,0.26621,0.219283,-0.262082,-0.275598,0.55031,0.346314,0.062878,0.207722,0.270182,-0.168119,0.090819,2.555589,0.534193,-0.306266,-0.236558,-0.313704,-0.425591,-0.195548,0.214927,-0.686348,0.723705,-0.16408,0.061885,-0.560022,-1.309492,-0.263368,0.931105,1.124758,1.206331,0.301075,0.120395,-0.23406,0.179944,-0.177192,0.071864,1.38047,-0.290322
"ACH-000759",-1.142862,-0.052724,-0.2546,-0.640859,-0.333303,0.995723,0.393836,1.197219,-1.58433,-0.567285,-0.380336,0.196321,-0.242368,0.315411,-0.286411,-0.043328,-0.037986,-0.106956,-0.140532,-0.006658,-0.178219,-0.627255,-0.174174,0.094235,0.375818,-3.699995,0.122261,-1.137271,-0.012779,-0.295203,-0.42482,0.002026,1.75008,0.299449,-0.707304,-0.214378,0.068339,3.801651,-1.028564,0.583862,-0.132579,1.638311,0.184802,0.513493,-0.630913,-0.407971,2.610355,2.841846,0.628525,1.639849,1.276021,1.548533,0.865295,0.408774,-0.05141,-0.45649,-0.098787,-0.124394,0.185687,0.386007,-0.274618,-0.662627,-0.19739,-0.009301,0.183339,0.255978,0.507086,-0.448513,-0.525399,-0.052557,0.92027,-0.580205,-0.062815,0.027795,-0.346794,-0.175106,-0.074849,0.359121,0.487804,-1.100408,-0.05821,-0.227955,0.480641,-0.972627,1.274503,1.294318,0.470559,0.169904,-0.182528,-0.605062,0.511622,0.964484,-0.094397,-0.319926,-0.128125
"ACH-000768",-0.120377,0.550195,0.407309,-0.2543,-0.565493,-0.060283,-0.274334,-0.171937,0.11574,0.229067,-0.180689,0.190562,-0.211069,0.148184,-0.783397,-0.036498,-0.121292,-1.0279,-0.652238,0.338567,0.66151,0.328487,0.533209,0.189052,-0.383071,3.066147,-0.23278,0.653776,0.287523,-0.570618,-0.136381,0.598671,0.153116,-0.046084,1.065139,-0.222125,-0.094336,-0.596313,1.111098,0.669177,-0.001602,0.070502,-0.073108,-0.115004,1.70331,0.562802,0.293553,0.123172,-0.529247,-0.040879,0.007715,-0.022388,-0.195258,0.036849,0.368631,-0.373753,0.209815,0.413346,0.321008,0.272251,-0.137245,-0.550385,-0.047297,-0.069349,-0.08259,0.813162,1.263568,1.202234,1.144956,0.040307,1.276681,-0.00511,0.031091,0.01667,3.327185,-0.202577,-0.091039,0.006424,1.068604,0.009772,0.157205,-0.09629,0.677154,-0.322421,1.306655,0.832451,-0.162912,-0.22753,0.431617,-0.179955,0.513983,0.330109,-0.29842,0.034395,0.198214
"ACH-000783",1.078023,1.010414,1.211523,0.747441,1.101049,0.339352,-0.199635,2.643812,-1.44085,-0.305334,-0.076315,-0.148036,0.524461,0.778025,-2.022686,-0.098008,0.00745,1.99523,1.452382,0.079018,-0.30095,-1.026155,-0.158988,-0.291123,0.701008,-3.208588,-0.357298,-1.055196,-0.21046,-0.376503,-0.164311,0.07793,2.316138,-0.110031,-0.503434,-0.002769,0.000775,1.489355,-1.173777,-0.644181,-0.094477,1.937871,0.032111,0.61036,-1.314945,-0.871836,-0.490269,3.931537,0.289098,1.819162,0.581639,1.196753,-0.066689,0.11259,-0.1283,-0.138547,0.066919,-0.486565,0.162722,0.115245,1.030623,0.256621,0.201578,-0.070976,-0.024499,0.35367,0.568322,-0.025601,0.96531,0.391388,0.247039,0.094271,-0.271644,-0.79085,-0.590476,-0.157774,0.421534,0.59651,0.152649,0.339982,-0.554491,0.024868,-0.787045,0.325837,0.173049,0.602811,-0.081214,-0.763406,-0.747543,-1.208434,0.126142,0.747527,0.506204,0.094575,-0.41106
"ACH-000796",1.257163,0.622105,1.27158,0.774062,0.645139,0.179317,0.64225,-0.071947,0.128058,0.027362,0.209352,-0.433649,-0.838726,1.141263,1.988516,-0.112563,0.655819,-0.772576,-0.526662,0.17704,-0.615744,-0.771695,-0.322306,-0.247612,0.408652,2.73667,-0.234233,-0.198712,-0.211732,-0.115994,-0.25146,0.092949,3.016637,-0.12808,-0.356312,-0.344884,-0.330127,3.524364,1.285473,0.930659,-0.027256,-0.316736,-0.03206,0.90911,-0.768818,-1.52418,1.923187,0.692586,0.246071,0.84848,0.570534,-0.015904,-0.075055,1.171032,-0.160435,1.127187,0.319069,0.116101,0.110548,0.049717,1.43182,-0.019077,0.865364,0.004769,-0.266297,-0.08645,0.040777,0.287784,-0.038254,0.16089,-0.002597,-0.451128,-0.416883,-0.412241,-0.583711,-0.334003,-0.202119,-0.294416,0.904287,0.159144,-1.246419,-0.332026,-1.574388,0.323828,-0.247014,-0.000806,0.54024,-0.635285,-0.30229,-0.055986,-0.270451,-0.217273,-0.383189,0.126203,-0.480992
"ACH-000811",-0.722941,0.571678,-0.015497,-0.327171,0.83006,-0.5007,0.019631,-0.246537,-0.906741,0.467984,-0.113007,-0.125282,-0.712454,0.541563,-0.063012,-0.269548,-0.298063,-1.777608,-0.957241,0.228921,0.501092,-0.042658,0.008732,-0.121448,0.048669,3.834765,-0.026917,-0.195272,-0.264941,-0.901221,-0.411464,0.044368,-0.087091,0.029598,0.019972,0.082456,-0.28356,-0.110642,1.26383,1.587201,-0.153914,2.003789,0.221063,0.697892,1.877702,-0.526641,-0.734464,-0.043506,-0.123058,4.523466,4.477476,-0.546042,0.012644,0.021573,1.111375,0.006896,0.234982,0.376797,-0.349747,0.007034,1.669224,0.141155,-0.495025,-0.026587,-0.117075,0.144318,0.313617,0.777451,-0.755811,-0.221296,0.035828,0.094824,0.240641,0.743583,1.817039,0,-0.587644,0.775634,-0.454754,0.125281,-0.34741,0.070568,0.351455,0.420295,1.193025,1.230536,-0.039457,-0.648979,-0.189013,-0.485697,-0.162858,0.103371,-0.231128,0.944623,0.367265
"ACH-000818",1.154134,0.721715,1.552618,0.711022,0.329385,0.542739,0.593277,0.16121,-0.224271,-0.398184,0.164965,0.533967,0.441547,-0.156155,-0.267624,0.106453,-0.074031,-0.166971,-0.115998,0.107432,0.020983,-0.812324,-0.461516,-0.117387,-0.256698,-2.727536,-0.225933,-0.442065,-0.010858,-0.090009,0.067568,0.218034,1.696985,0.034935,-0.937596,0.214526,0.132521,4.230918,-1.201844,-0.590288,-0.120154,3.88741,1.101162,0.139355,-0.49209,-0.628327,0.84289,4.398478,0.497631,1.216428,0.284057,1.19331,-0.15189,0.725284,-0.41563,-0.294788,-0.532877,-0.471938,0.194345,0.126657,-0.117711,-0.500385,0.789359,0.350569,-0.106476,0.836481,1.320597,-1.183634,-0.130624,0.241839,0.419146,-0.490405,-0.055471,-0.252051,-0.404954,-0.409815,0.086107,-0.559888,0.386948,0.130215,-0.18549,-0.174333,-0.801667,-0.071398,-0.515776,-0.539891,0.092177,0.677536,-0.608177,-0.062779,0.464631,0.177582,0.496821,-0.120873,-0.667962
"ACH-000828",-0.666393,-0.367123,-0.784569,-0.575248,-0.494944,0.066445,-0.477631,2.121253,-1.455457,0.082228,0.414951,-0.640286,0.167329,-0.294148,-2.685181,-0.36542,-0.105104,-0.569641,-0.260291,0.104109,0.075913,-0.510048,-0.014941,0.150916,-0.584763,-3.65448,-0.175469,-0.734674,-0.099621,-0.301214,-0.33207,-0.17143,2.052334,0.6116,-0.657605,-0.268443,-0.063864,-0.965543,-1.485719,5.459786,0.29065,2.952374,1.05907,-0.088295,-0.839887,-0.357275,0.854948,4.865002,-0.080034,5.59841,5.85639,1.886343,1.071723,0.196073,-0.232013,-0.694987,-0.28431,-0.11862,-0.092597,0.147237,-0.44851,-0.517445,0.344342,0.009868,0.124123,0.228722,0.507758,-0.213815,-0.373044,0.678304,0.101585,0.110482,0.204823,0.198004,-0.641333,0.248579,-0.077231,0.107787,0.537685,-0.647445,-0.261497,-0.719299,-0.843683,-0.198916,-0.048157,0.358527,0.618947,-0.457445,0.825459,-0.352088,-0.181468,0.727708,-0.679478,-0.030909,0.003006
"ACH-000849",-0.249141,0.519542,0.181474,-0.14163,-1.439674,0.155442,-1.148883,-0.336512,-1.667679,0.419972,-0.134483,-0.200414,-0.169682,-0.480886,-0.350056,-0.173107,-0.034855,0.260708,0.167513,-0.241635,0.050071,-0.79634,-0.170772,0.142089,0.113443,-0.892496,-0.43753,0.718637,0.303581,0.262686,0.01297,-0.053347,2.877077,0.552299,0.065768,0.369604,0.204125,3.20904,3.37221,1.890111,0.401052,-0.014061,-0.114881,0.043162,-0.772139,0.225297,-0.327959,1.445171,0.413094,-2.158206,0.477379,0.486729,0.001241,-0.066985,0.157425,-0.317847,0.291285,0.09914,-0.222264,0.261395,-0.385418,-0.768634,-0.120268,0.110387,0.061241,0.304206,0.390976,0.674017,1.697033,-0.311369,1.099678,0.792816,0.173668,1.263034,-0.444036,0.709408,-0.068033,0.708847,-3.129454,-0.48127,0.032637,-0.94965,-1.445484,-0.008024,1.948254,1.915504,0.44391,-0.423422,0.421188,0.754429,-0.349887,0.010878,0.305845,-0.000843,0.273761
"ACH-000856",-0.193565,0.142774,-0.211827,-0.120368,1.015534,-0.254177,-0.108133,-0.089847,0.753027,-0.051434,-0.253603,-0.091907,0.680641,-0.532647,-0.966781,-0.29811,-0.156924,0.098594,0.082664,0.18531,-0.171451,0.244963,0.075097,0.399826,-0.396642,-0.23352,0.005468,0.068033,-0.184616,-0.050832,-0.23913,0.02703,-0.606559,0.071884,0.817999,0.18446,0.199628,1.309437,-0.530979,-0.555647,-0.266644,-0.284938,-0.326875,-0.228472,2.037615,0.427774,-1.060982,0.131209,0.581097,0.233629,0.327068,0.168328,-0.075982,0.085265,-0.25603,0.519519,-0.308712,0.478822,0.255311,0.230988,0.554123,-0.38889,1.169393,-0.027236,-0.154856,-0.022692,0.1335,0.324166,-0.019141,0.16831,0,0.586066,0.313529,1.175334,-1.197227,0.192774,-0.107349,0.098575,-2.804053,-0.011648,0.496544,0.371919,1.041054,1.188564,0.184438,0.033783,0.03375,0.343009,-0.208535,-0.296733,0.307795,-0.108068,0.21211,-0.204806,0.297277
"ACH-000857",-0.456831,0.427919,0.238743,0.645635,-0.482194,1.135013,0.868068,-0.271102,-1.666488,-0.079982,0.005692,-0.461574,-0.937316,-0.124975,0.909644,0.207469,0.019427,0.462215,0.335521,0.24719,0.586712,-1.013623,-0.53527,-0.116286,0.304401,2.362602,0.162945,-0.68457,-0.2549,-0.519735,-0.249297,0.012309,3.872813,1.629886,0.345316,0.989967,0.29495,3.671703,1.689097,1.189898,-0.153714,-0.094864,-0.224487,0.306384,2.253713,0.113188,-0.386288,0.908012,-0.563236,0.988908,1.063255,-0.206493,-0.061753,-0.024947,0.983714,-0.525452,-0.060158,-0.510449,-0.86914,-0.295423,0.444204,0.148606,-0.561867,0.048688,-0.152486,0.190915,0.177652,-0.031681,2.073281,-0.528286,0.764073,-0.100656,-0.050029,0.356848,4.021284,0.429386,0.136679,0.567253,-0.778696,-0.242541,0.488228,-0.566767,1.321004,-0.664494,0.242884,0.45851,0.586921,-0.30402,-0.17083,-0.096696,-1.115936,-0.343061,-0.262779,0.319674,0.206713
"ACH-000859",-1.045375,-0.657811,-1.110848,-0.559138,-0.593431,-0.301889,0.397656,0.858256,-1.541247,-0.081795,-0.16128,0.132371,-0.830407,0.529811,1.237578,0.15978,0.047354,-0.44183,-0.318492,0.100915,-0.54323,-0.631698,-0.176432,0.017601,0.154842,0.715904,-0.099599,-0.097502,0.039467,0.142082,-0.001797,-0.094391,3.28863,-0.543964,0.684708,0.339457,0.754073,4.039192,0.139673,3.211182,-0.001959,-0.345259,-0.107906,1.115758,-0.658824,0.136527,0.819506,1.110226,-0.400504,4.8955,4.653271,0.031835,0.107424,-0.420796,0.160696,-0.516155,0.328947,0.210706,-0.188746,0.1727,-0.097177,0.110361,-0.398511,-0.232459,0.017952,0.235768,0.500592,0.542311,0.708561,-0.305475,-0.174652,0.187506,-0.253036,-0.194147,0.140558,0.203009,-0.197046,-0.149118,-0.040394,0.520649,0.379216,0.080617,0.28947,0.125571,1.086032,1.45555,0.514642,0.197251,0.580057,-0.026479,-0.631525,-0.390778,0.053978,0.116557,-0.011389
"ACH-000876",-0.991251,-0.397921,-0.555012,-0.53992,-0.280413,0.736394,0.715185,1.926844,-0.956472,-0.01096,1.219845,-0.653275,0.062809,-0.318557,0.348636,0.268948,-0.155878,-0.220541,-0.007109,0.075084,-0.134177,0.108189,-0.459154,-0.364791,0.884931,-1.161861,-0.386695,-0.899298,-0.0202,0.27232,0.116425,-0.48179,3.470865,0.055144,-1.577887,0.028805,-0.035261,5.458931,-1.333224,-0.43032,-0.063937,1.83464,0.571104,-0.221787,-0.583697,-0.629299,0.172845,4.486492,-0.226362,0.637831,0.207506,0.690949,0.050685,0.267652,0.486077,0.062457,-0.439088,-0.543844,0.261546,-0.114222,-0.396841,-0.365723,0.412048,0.124841,0.039897,0.132969,0.688878,0.739484,0.344692,-0.222973,-0.344471,0.523055,0.172162,-0.209766,0.216774,-0.047615,0.169011,0.160772,-1.737276,-0.631622,0.095041,-0.382711,-0.854489,0.240894,0.606495,0.642247,0.170598,0.721054,-0.409899,0.021203,0.409182,0.432472,0.067491,-0.143501,-0.520367
"ACH-000885",0.139223,0.765051,0.670745,0.125501,1.043062,-0.440967,-0.536952,-0.065806,-1.707887,0.312387,-0.110426,0.863987,-0.289959,0.743245,-1.385059,-0.286963,-0.243593,-0.832352,-0.467392,-0.080447,0.23735,-0.219534,-0.39378,-0.188104,0.156692,2.489983,0.442043,-0.201549,-0.271305,0.128067,-0.115828,0.104455,-0.269877,0.032965,0.99777,0.04467,-0.384227,-0.638562,0.912394,0.456989,-0.069846,-0.288336,-0.010503,0.422028,-0.938031,0.168706,1.334244,-0.02404,-0.096992,1.371748,0.392135,-0.394605,0.172706,-0.802635,0.40321,-0.061631,0.172878,0.427626,-0.895515,-0.200687,0.060458,-0.065431,1.437467,0.040129,-0.066558,-0.105915,0.13887,1.335227,-0.5695,0.256753,0.233534,0.115071,0.206943,0.36797,-1.119774,0.656727,-0.46762,1.12397,-3.148789,-0.413224,-0.307428,0.301769,0.876308,0.488979,1.016625,0.975487,0.150965,-0.551833,0.175839,-0.21929,-0.335225,0.567166,-0.215956,0.792468,0.940813
"ACH-000902",-0.026084,0.209709,0.131478,-0.105049,0.616124,0.679369,0.542614,1.881368,-0.318522,-0.234523,-0.050497,0.631831,-0.772329,-0.268159,0.191395,0.370979,0.031494,1.315346,1.430349,0.03755,-0.335908,0.687507,0.174013,-0.238268,-0.520968,-2.819301,-0.133099,-0.011053,0.011472,0.033191,-0.271992,0.198816,3.620512,-0.564165,0.114551,0.452746,0.459732,2.532536,-0.9472,-0.483204,-0.012165,0.266651,0.260941,-0.632037,-1.206427,0.031757,-0.036519,0.418199,0.562904,0.275263,0.281007,0.820392,-0.018512,-0.512257,-0.216652,-0.298329,-0.420503,-0.585603,-0.027545,-0.017865,-0.916333,-0.425078,1.17715,-0.115013,0.20933,0.081731,0.411938,-0.553748,-0.32559,0.415571,-0.054501,0.549984,0.159413,0.853813,-0.811489,0.606132,0.463563,0.023611,-1.742178,0.133643,0.066013,-0.625411,-1.635663,-0.246046,-0.418691,-0.833597,-0.123035,1.196753,-0.556491,-0.370073,0.558253,0.036881,0.473225,-0.408396,-0.455894
"ACH-000906",0.572065,0.834857,0.83917,0.372067,0.468713,0.325736,-0.199588,0.802799,0.377987,-0.335321,0.04384,-0.250312,0.706154,-0.419789,-0.654968,-0.031413,-0.086628,-0.804955,-0.660009,0.097853,0.569775,0.440518,0.097693,-0.124754,-0.415836,3.486918,-0.238713,0.390306,-0.341607,-0.246499,-0.085631,0.767401,-0.771182,-0.548702,0.708814,-0.163435,0.137317,-1.376835,1.728188,-0.454761,-0.078085,0.121967,-0.081842,-0.233411,1.692898,0.179688,-1.396312,-0.655797,-0.081538,-2.028841,-0.712079,-0.459597,-0.221357,0.155122,-0.358278,0.610833,-0.024523,0.791569,0.155223,-0.209467,0.856284,0.245303,0.049234,0.165911,0.03273,0.245921,0.668717,-0.496953,1.700475,-0.01325,0.02585,-0.211317,0.05403,0.187786,4.527878,-0.052699,0.018165,-0.612928,-0.25733,0.07305,0.332159,-0.070783,-0.135239,-0.622277,0.068815,-0.611328,-0.087038,0.226597,-0.615072,0.658944,-0.00944,-0.52937,-0.297479,0.172327,0.136769
"ACH-000910",0.204891,0.804726,0.898184,0.317397,0.636707,0.542898,-0.516368,3.573788,-0.262793,-0.555003,0.127263,-0.264825,-0.173832,-0.003259,-2.690852,-0.190111,-0.101815,-0.102203,0.009442,0.12377,-0.239002,-0.433486,0.417347,-0.04052,0.039301,-2.380884,-0.31533,0.674232,0.124766,0.572574,-0.154693,0.404795,2.700245,-0.637016,0.663975,-0.091983,0.558749,-0.095809,-1.090918,-0.344647,0.006578,0.552833,0.181015,-0.252177,-0.616472,0.414603,0.635212,3.81135,0.557992,1.683912,0.655931,0.849516,0.290004,0.470256,-0.348081,0.816551,0.123505,-0.424274,0.113439,0.105728,-0.297553,-0.409855,0.438948,0.178579,0.041149,0.273381,0.675295,-0.634118,-0.205588,0.560284,0.541656,-1.150862,-0.231185,-0.489304,-0.523808,0.06765,-0.067829,0.179136,0.400943,0.13029,0.759029,0.401502,0.762,-0.231497,2.035285,2.058878,-0.038588,-0.89679,-0.606183,-1.321314,0.282334,0.222013,-0.071883,-0.158415,-0.493865
"ACH-000927",-0.6477,-0.480913,-0.211219,-0.659572,-0.658149,0.055229,0.554318,2.18061,-0.352139,-0.141398,-0.047744,-0.68468,1.035418,0.311165,-0.139246,-0.066006,0.096407,0.921576,0.578289,-0.217882,-0.647224,0.013814,0.615073,-0.104494,-0.357244,-2.864655,-0.308178,-0.155638,0.041232,0.079181,-0.507908,0.666646,2.834153,-0.199925,0.268026,-0.363202,0.754977,4.273629,-1.145454,-0.40093,0.046507,2.826188,0.517869,0.440924,-0.862037,-0.984489,0.096597,3.006655,1.0678,3.465626,2.703822,0.552459,-0.011415,0.191337,-0.621008,0.360119,-0.287289,-0.640671,0.372745,0.372002,-0.149833,-0.240249,0.142971,-0.167868,-0.360177,-0.10694,0.172802,-0.984018,0.837522,1.697694,1.820595,0.615149,-0.267706,-0.428833,-0.680668,0.286246,0.034561,0.396402,1.515978,-0.243749,0.321553,-0.170628,-0.157444,-0.266302,1.297184,1.869509,0.121066,-0.728148,-0.884879,0.132369,0.549474,-0.065356,-0.027335,-0.175997,0.098205
"ACH-000930",0.306371,0.74847,0.833258,0.510505,-0.858815,0.176606,0.047789,-0.273251,-2.687775,0.031146,-0.270292,-0.133287,-0.242235,0.719764,0.383382,0.220049,0.137414,1.026741,0.608874,0.343997,-0.026832,-0.580249,-0.339596,-0.050824,0.247257,-2.503048,2.840894,-0.099572,0.430658,0.580508,0.400137,-0.273282,-0.483237,0.576438,0.909301,3.115788,0.122468,3.233695,-0.331955,1.525282,-0.116861,-0.035142,-0.285784,0.759451,2.029307,-0.191296,2.043653,-0.799286,0.673524,5.952899,4.949479,1.243405,0.273192,0.170042,-0.137657,0.300465,0.189437,0.226468,-0.999205,-0.28247,0.533324,-0.043531,0.016479,0.017275,-0.281376,0.510181,0.70301,0.057988,-0.539496,-0.655786,-0.047959,-0.051493,-0.444438,-0.107506,-0.268453,0.931936,0.485497,0.533869,-2.304812,-0.384195,0.161473,-0.100812,-0.467109,-0.973402,-0.309427,0.191311,0.391928,0.731933,-0.244822,0.272574,-0.613627,0.757252,-0.166271,0.372019,0.10544
"ACH-000934",-0.47617,-0.234383,0.257374,-0.589852,-1.072386,0.335906,0.423774,1.950254,-0.647811,0.021133,-0.004703,-0.878876,0.266762,-0.329587,-0.405634,0.109325,0.012863,-0.223746,-0.080919,0.11985,-0.26478,-0.460735,-0.231181,-0.006624,0.573106,-3.114912,-0.001919,-0.248589,0.099836,-0.111053,-0.094972,-0.07233,2.636419,0.021289,-0.490163,-0.407374,0.296673,3.721467,-0.909151,0.952387,-0.06878,3.114935,0.825134,0.119631,-0.509742,-0.367266,0.802365,2.042628,0.732715,1.699306,1.035787,0.367307,-0.038548,0.778053,-0.128813,-0.199001,-0.054017,-0.006789,-0.141666,0.204456,-0.233195,-0.391316,0.344381,0.255382,-0.041753,0.392765,0.563062,0.888572,-0.354748,1.105921,1.917564,0.543545,0.074843,0.930335,-0.433036,-0.306416,0.102151,0.028235,0.853958,-0.457779,0.242086,-0.14871,-0.02603,-0.622035,1.296385,1.309401,0.408702,1.047271,0.423593,1.570023,-0.02474,0.397617,-0.116285,0.190804,-0.016845
"ACH-000936",-0.23448,0.070558,-0.21572,0.009644,1.539346,-0.044017,0.203112,-0.13138,-1.434999,-0.050592,0.043017,-0.589678,-0.187407,1.176348,0.955848,0.045586,0.230199,1.886657,1.386118,0.63668,0.138197,-1.372454,-0.789892,0.060904,1.006017,4.55558,-0.149816,-1.118189,-0.315975,0.004749,0.076993,0.084308,0.785571,0.225279,-0.988944,0.114673,-0.369292,2.071692,1.016171,-0.056905,0.056653,-0.238853,-0.09113,0.563489,2.074806,-1.273684,-0.059297,0.495288,-0.635371,0.234425,0.060109,-0.046724,-0.058518,-0.196304,-0.076864,-0.033436,-0.175994,0.037769,-0.129861,0.039174,0.327915,0.616956,-0.04139,-0.124539,-0.121808,-0.160186,-0.329433,-0.180739,2.522249,-0.582496,-0.566852,0.234108,-0.18939,-0.331228,1.265916,-0.356982,0.354135,0.0447,-3.117371,0.403788,-0.58391,-0.015814,-1.332534,0.46423,-2.422161,-2.952409,0.105141,0.268113,-0.69334,-0.612447,-0.296862,0.464449,0.275713,0.33263,-0.138984
"ACH-000947",-0.285836,0.025838,-0.023567,0.41372,0.06499,-0.052898,-0.571593,0.02888,0.418356,-0.022104,-0.030836,-0.255724,-0.396617,-0.624257,-2.836559,-0.223707,-0.26313,0.633563,0.433248,-0.384504,-0.065897,1.004915,0.409988,0.232832,-0.193089,-2.635489,0.462747,0.031542,-0.176394,0.018324,0.021785,0.101468,0.048484,-0.004732,-0.126349,0.434053,0.144259,-0.39188,-1.090946,-0.406042,-0.053308,0.013251,-0.051348,-0.04451,-0.613049,-0.232403,-1.315955,0.110979,0.212598,-0.558615,-0.102607,-0.378932,0.006991,-0.374171,-0.109205,0.343585,-0.140589,-0.044488,0.295028,0.225986,-0.338732,-0.481385,1.200748,-0.014569,0.238878,0.108836,0.238809,0.581393,-0.397287,0.444064,0.683426,-0.067509,0.210594,0.700999,-1.037382,0.029248,0.045578,0.534112,-2.916841,0.130374,0.104301,0.249134,0.182498,0.129495,1.224875,1.050147,-0.091023,0.375768,-0.160836,0.833857,0.165318,0.128031,-0.125591,-0.258559,-0.111694
"ACH-000962",0.360068,-0.068243,-0.574874,0.051194,0.091845,0.087117,-0.189647,-0.145497,-0.975952,0.143278,0.016192,-0.042876,-0.208365,-0.181582,0.26799,-0.037852,0.001492,-1.432327,-0.696534,-0.05739,-0.079494,-0.395399,0.254178,0.122977,0.542753,2.174427,-0.178565,-0.14339,-0.152717,0.17417,0.371028,0.137583,0,-0.427107,0.232909,-0.155922,-0.333636,-0.264585,1.716277,1.074389,0.182388,-0.085835,0.192157,0.050004,0.647134,-0.296376,0.773462,-0.211288,-0.165649,-0.093746,0.166513,-0.036337,0.157039,-0.180318,0.043383,0.446416,-0.455003,-0.376333,0.530965,0.32644,0.690354,0.318157,0.324215,-0.013548,0.046867,0.012847,0.137117,-0.071976,1.180531,0.080983,-0.196351,0.530316,0.051371,-0.091709,-0.546875,-0.005717,0.02486,-0.239314,0.38939,-0.178241,-0.608039,-0.162095,-0.535694,-0.047925,-0.007766,-1.246356,-0.013837,-0.060544,0.648382,-0.402548,0.397859,0.416751,-0.113748,-0.165812,-0.047285
"ACH-000966",-0.077516,-0.136286,-0.280124,-0.170487,0.68366,-0.263673,-0.611676,-0.007051,-0.277517,0.06872,0.018294,-0.088719,-0.74997,0.841623,-1.372929,-0.117474,0.243281,-0.510964,-0.300928,0.019121,-0.228129,-0.109355,0.249202,0.483139,-0.604815,0.211896,-0.251197,-0.399715,-0.144451,-0.461447,-0.252856,0.185476,0.165511,-0.10145,-0.61124,0.793186,-0.342967,-0.30003,0.433231,0.827323,0.14232,-0.338501,0.129564,0.169858,0.31187,-0.662729,0.694053,-0.187663,-0.234473,0.9699,0.558044,0.129596,0.128587,-0.219604,0.060128,0.669207,-0.206212,0.571082,-0.338545,-0.10923,0.022266,-0.274338,-0.083965,-0.149204,0.068798,-0.446172,-0.738178,-0.167881,-0.369837,0.040703,-0.164454,0.809409,0.417937,1.078379,-0.605765,0.129257,-0.009096,0.066923,-2.049267,-0.592718,-0.03621,-0.064576,-0.652134,0.582653,0.600325,-0.194717,0.527215,0.07394,0.321447,-0.030048,-0.279394,0.069068,0.227167,0.0086,0.358838
